Workbook

Sheet README
A1: K-State Baseball — Throwing Workload Model
B2: Turn distance, throw count, and velocity into one workload number — then use it to plan the next day/week.
B4: 1. What this workbook does
B6: Every throwing set a player does (a round of long toss, a bullpen, flat ground work) gets logged in the Throw Log tab with three inputs: distance, number of throws, and velocity. The model converts distance and velocity into two multipliers — a Distance Factor and an Intensity Factor — and multiplies them by the throw count to get a Set Workload number. Add up a player's daily workload, then track it against his own rolling history (7-day "acute" load vs. 28-day "chronic" load) on the Dashboard tab. The ratio of those two numbers — the Acute:Chronic Workload Ratio, or ACWR — tells you whether today's plan is a safe progression, should hold steady, or needs to back off. The Next Outing Planner tab turns that zone into a day-by-day throwing plan for the week ahead.
B12: 2. The workload formula
B14: Set Workload = Number of Throws × Distance Factor × Intensity Factor
B16: Distance Factor and Intensity Factor are multiplied as two SEPARATE numbers, not folded into one, because distance is not just a stand-in for velocity — they load the arm somewhat independently. Fleisig's own biomechanics lab compared mound pitching to long toss at several distances and found max-distance throws produced the HIGHEST elbow and shoulder torque of any condition tested — without any increase in ball velocity versus pitching (Fleisig, Bolt, Fortenbaugh, Wilk & Andrews, J Orthop Sports Phys Ther, 2011). Two throws released at the same measured mph are not equally stressful if one of them travels farther: covering extra distance without extra velocity means changing mechanics (more shoulder layback/external rotation, more trunk tilt, a higher looping arc), and it's that changed mechanics — not the number on a radar gun — that loads the joint. The study's authors called max-distance throws “the least efficient” (most torque for the least velocity gained) and recommended capping long toss around 180 ft thrown on a line for that reason. It's also why the interval-throwing-program researchers who built the ACWR model below (Reinold, Dowling, Fleisig, Macrina, Wilk, Streepy & Andrews, Int J Sports Phys Ther, 2024) modeled elbow torque on distance ALONE, not velocity — they found velocity doesn't correlate reliably with torque and varies too much pitcher to pitcher to be a consistent stress proxy, while distance does. (One smaller study found kinetics rising with distance but never exceeding pitching — so treat “does long toss ever exceed mound stress” as a genuinely open question, not settled science.)
B24: Intensity Factor scales with how many mph OFF the player's own Avg Top Velo (from the Roster tab) he threw — not a percentage of his single fastest pitch ever recorded. A one-time peak reading is noisy (adrenaline, a favorable radar angle, pure chance); the average of several of his hardest, most competitive readings is a more reliable “100% intent” line, and effort doesn't fall off in a straight percentage as velo drops — the last few mph near the top cost disproportionately more effort than the same few mph do lower down. A fixed mph-below-average gap tracks felt effort much better than a max-velo ratio does. One exception: for Bullpen and Game rows, Distance Factor is replaced by a flat Mound Factor, because the pitching distance never changes (60'6") and a mound delivery loads the arm well beyond what a flat-ground throw at that same short distance would — see the callout on the Reference tab. The exact band values throughout are a coaching model, not a lab-measured constant, and you should feel free to tune them for your staff's eye once you have a season of data to compare against.
B30: 3. Acute:Chronic Workload Ratio (ACWR)
B32: ACWR = (average daily workload over the trailing 7 days) ÷ (average daily workload over the trailing 28 days). It is the same framework Tim Gabbett popularized for injury-workload research (Br J Sports Med, 2016) and that the ASMI group (Reinold, Dowling, Fleisig, et al.) applied directly to pitchers' interval throwing programs, using 0.7–1.3 as the target range and flagging spikes above ~1.5 as high-risk in their workload-based throwing program study (IJSPT, 2024). This workbook uses: below 0.8 = room to progress, 0.8–1.3 = sweet spot, 1.3–1.5 = caution, above 1.5 = high risk. A quick honesty note: ACWR has real critics in the sports-science literature (Windt & Gabbett, 2019) — because the acute week is part of the chronic average, the ratio is mathematically coupled to itself, which can distort it at the extremes. Treat the ACWR zone as one signal among several — combine it with what the player is telling you about arm feel, not as a stand-alone verdict.
B38: 4. How to use this day to day
B40: 1) Add every player to the Roster tab with his Avg Top Velo (average of several of his hardest readings, not a single one-time peak — keep the peak too, it's just for reference). 2) After each throwing session, log it as ONE row in Throw Log — the main columns are his working-out segment (whatever distance he built out to, with its own throw count and velo). If he closes the session by working back in at 60' (very common), don't start a second row for it — use the dedicated 60' Throws / 60' Velo columns further right on that SAME row; they're added into that row's Set Workload automatically at the 60' Distance Factor. Game days work the same way but for pregame bullpen warm-up instead: the box-score pitch count leaves out pregame bullpen warm-up and every between-innings/entering warm-up pitch, so use the main columns for live pitches + in-game warm-up pitches, and the dedicated Warmup/Bullpen columns on that same row for whatever he threw getting loose in the pen beforehand. See the callouts on the Reference tab for worked examples of both patterns. 3) Open Dashboard, pick the player, and read his Zone and Guidance for today. 4) Open Next Outing Planner, pick the same player, tell it what he's building toward (a live Game or his next High Bullpen day) and that date — This Week's Plan below fills in automatically for every day between now and then, before a single throw is made, so you can adjust before, not after. 5) Re-check both tabs after each session — the Dashboard zone moves as new data comes in, and Next Outing Planner's plan for the days still ahead nudges itself up or down to match. Once he throws his outing/bullpen day, just update the date to his next one and the whole week regenerates.
B46: 5. Day Type Templates & Next Outing Planner
... B62: • Gabbett, T. "The training-injury prevention paradox." Br J Sports Med, 2016 — ACWR sweet spot (0.8–1.3) / danger zone (>1.5). • Reinold, M., Dowling, B., Fleisig, G., Macrina, L., Wilk, K., Streepy, J., Andrews, J. "An Interval Throwing Program for Baseball Pitchers Based upon Workload Data." Int J Sports Phys Ther, 2024 — 238,611 throws (111,196 long-toss) from 34 NCAA D-I pitchers; modeled elbow torque on DISTANCE, not velocity, because velocity didn't correlate reliably with torque pitcher to pitcher; direct precedent for applying 7-day/28-day ACWR to throwing distance/volume data. • Fleisig, G., Bolt, B., Fortenbaugh, D., Wilk, K., Andrews, J. "Biomechanical Comparison of Baseball Pitching and Long-Toss: Implications for Training and Rehabilitation." J Orthop Sports Phys Ther, 2011 — found max-distance long toss produces the highest elbow/shoulder torque of any condition tested, WITHOUT higher ball velocity than pitching; the basis for treating Distance Factor and Intensity Factor as separate, independent multipliers rather than one folded into the other. • Driveline Baseball, "Everything Long Toss and Long-Toss Programs" / "Pulldowns" — typical long-toss distance bands and pulldown intensity, used to set this workbook's Distance Factor anchor points. • MLB / USA Baseball Pitch Smart guidelines (mlb.com/pitch-smart) — precedent for tying required rest to recent throwing volume. • Windt, J. & Gabbett, T. "How do training and competition workloads relate to injury? The workload-injury aetiology model," and follow-up critiques — mathematical-coupling limitation of ACWR noted above. • NCAA Baseball Rules — Appendix F, Pitch/Between-Innings Clock Protocol (2025-26 rules cycle) — 5 warm-up pitches between innings for a continuing pitcher, 8 for a pitcher entering the game; basis for the Game-day throw-count guidance on the Reference tab. This model is a coaching decision-support tool built from these public frameworks, not a validated medical instrument. It does not replace your athletic trainer, your pitching coach's eye, or what a player tells you about his arm.

Sheet Reference
A1: Reference Tables — Workload Model Constants
A2: These drive every formula in Throw Log and Dashboard. Edit values here (not in formulas) to re-tune the model.
A4: Distance Factor Table — smooth: in-between distances fall on a straight line between these points
A5: Distance (ft) | B5: Distance Factor | C5: Description
A6: 60 | B6: 1 | C6: Warm-up / catch play — 60 ft and shorter all score 1.0
A7: 90 | B7: 1.3 | C7: Building distance (75 ft = 1.15, halfway between 60 and 90)
A8: 120 | B8: 1.7 | C8: Extension / stretch (105 ft = 1.5)
A9: 150 | B9: 2.2 | C9: Long toss (135 ft = 1.95)
A10: 180 | B10: 2.8 | C10: Max long toss (165 ft = 2.5)
A11: 210 | B11: 3.5 | C11: Pulldowns / max distance — 210 ft and beyond all score 3.5
A14: Intensity Factor Table (based on mph BELOW player's Avg Top Velo — not % of a single peak pitch)
A15: Effort doesn't fall off in a straight line as velo drops — near your top end, a couple mph off costs a lot more effort than the same couple mph do when you're playing catch. So this compares the throw's velo to the player's AVG top velo (Roster tab) as a flat mph gap, not a percentage of his single best-ever pitch. Uses the midpoint of the Velo Low–High range entered in Throw Log.
A16: Min Deficit (mph below Avg Top Velo) | B16: Intensity Factor | C16: Description
A17: 0 | B17: 2 | C17: Max effort — at or near Avg Top Velo (about 0–3 mph off)
A18: 4 | B18: 1.5 | C18: Compete / high intent (about 4–6 mph off)
A19: 7 | B19: 1 | C19: Building (about 7–9 mph off)
A20: 10 | B20: 0.6 | C20: Easy / recovery catch (10+ mph off)
A22: ACWR Zone Thresholds
A23: Min ACWR | B23: Zone | C23: Guidance
A24: 0 | B24: Undertrained | C24: Below 0.8 — there is room to progress distance/intensity next session.
A25: 0.8 | B25: Sweet Spot | C25: 0.8–1.3 — ideal loading zone; maintain the planned progression.
A26: 1.31 | B26: Caution | C26: 1.3–1.5 — hold volume/intensity flat; add a recovery day this week.
A27: 1.51 | B27: High Risk | C27: Above 1.5 — mandatory easy/rest day next session; cut weekly volume 20–30%.
A30: Session Types (Throw Log dropdown list)
A31: No Throw
A32: Long Toss
A33: Compression/Pulldowns
A34: Bullpen
A35: Moderate
A36: Game
A37: Recovery/Easy Catch
A40: Throw Rate by Session Type (throws/minute — used to estimate throw count from clock time)
A41: Timing a whole staff is far more practical than counting every throw. Log Start/End time in Throw Log and it estimates throw count as Duration × this rate. These are starting assumptions, not measured constants — clock a few reps of your own guys and tune them here. For a rehab player or anyone you CAN count exactly, just type the real number into Actual Throw Count in Throw Log and it overrides the time estimate automatically.
A43: Session Type | B43: Throw Rate (throws/min) | C43: Why
A44: No Throw | B44: 0
A45: Long Toss | B45: 3.5 | C45: Slower — ball travel + retrieval time grows with distance
A46: Compression/Pulldowns | B46: 3 | C46: High effort throws need more recovery between reps
A47: Bullpen | B47: 2.5 | C47: Reset, mechanics cues, and coach feedback between pitches
A48: Moderate | B48: 4 | C48: Moderate tempo, minimal reset time
A49: Game | B49: 0 | C49: Use actual pitch count, not a time estimate
A50: Recovery/Easy Catch | B50: 5.5 | C50: Quick, low-effort tempo
A53: Callout: Logging a Long Toss Round (working back vs. working in)
A54: A long-toss exchange is really two different phases, and they should be two different rows — not one row with a total throw count. Working BACK means stretching out: distance is climbing, effort is relatively low (~50–70%), throws arc more. Working IN means compression: distance is shrinking, effort is high (~80–100%), throws are thrown flatter/harder. Same throw count, very different stress, so one distance/intensity per row keeps the workload number honest. Worked example — a player stretches out to 150 ft and works back in to 90 ft: Row 1: Session Type “Long Toss,” Distance = 150 ft (the farthest point reached), Velo ≈ his easy long-toss velo, time the whole working-back phase (e.g. 9:00–9:10). Row 2: Session Type “Compression/Pulldowns,” Distance = 90 ft (the working-in distance), Velo ≈ his harder working-in velo, time just that phase (e.g. 9:10–9:16). If he pauses at a few distinct stops on the way out (say 90, then 120, then 150) and you can time each stop separately, splitting into more rows is more accurate — but two rows (back / in) is the practical minimum and is what the throw-rate table above is built around.
A57: Mound Factor (Bullpen & Game — used INSTEAD of Distance Factor)
A58: Distance doesn't belong in the formula for mound work. The pitching distance is fixed (60'6"), so a distance lookup would score a bullpen the same as easy 60 ft catch play — which is backwards: a mound delivery (full leg drive, hip-shoulder separation, breaking-ball spin) loads the arm well above a flat-ground throw at that same short distance. That's exactly why Fleisig/ASMI built their distance-workload model from flat-ground throws only, and why pitch counts (Pitch Smart) have always been tracked separately from throwing-distance programs — mound work is its own category of stress, not a point on the distance curve. So for Session Type “Bullpen” or “Game,” the model ignores the Distance (ft) column entirely and uses a flat Mound Factor instead — leave Distance blank on those rows (or note 60.5 for your own records, it won't be used). Warming up before the pen is real long-toss stress and should still be its own “Long Toss” row using the distance table, same as any other long-toss set — only the mound reps themselves switch to the Mound Factor.
A60: Session Type | B60: Mound Factor | C60: Why
A61: Bullpen | B61: 3 | C61: Full mound mechanics + pitch mix (including breaking balls) load the arm well above a flat-ground throw, even at moderate velo
A62: Game | B62: 3.2 | C62: Same mound mechanics plus in-game adrenaline/competition and less controlled pacing than a bullpen
A65: Callout: Logging a Game Outing (the official pitch count undercounts the real mound stress)
A66: The scoreboard/box-score pitch count only tallies pitches thrown to a batter — it leaves out every warm-up throw around it, and those are real mound-intensity throws too. Under current NCAA rules, a pitcher gets 5 warm-up pitches between innings if he's staying in, and 8 warm-up pitches when he enters the game (start of an inning or mid-inning) — on top of whatever he threw getting loose in the bullpen before he was ever called for. A game day still gets ONE row in Throw Log — use the Warmup/Bullpen columns (R–T) on that same row instead of a second row: Main columns (H–L), Session Type “Game”: Actual Throw Count = his official pitches PLUS his warm-up pitches for the outing itself (8 if he entered fresh, +5 for every additional inning he continued) — this segment is scored at the Game Mound Factor. Warmup/Bullpen columns (R–T), same row: Throws = however many he threw getting loose in the pen before entering (a bullpen catcher always has this exact number) with its own velo range — this segment is always scored at the Bullpen Mound Factor, whatever the row's Session Type is. Set Workload (column Q) adds both segments together automatically. Worked example — an 18-pitch relief outing (entered fresh, one inning, no carryover): one “Game” row with H=26 (8 entering warm-up + 18 live, at the 3.2 Game Mound Factor) and R=18 (pen warm-up before he was called on, at the 3.0 Bullpen Mound Factor). At similar intensity, that one row runs well above a 25-pitch stand-alone bullpen. Logged as just “18 pitches” with nothing in R, it doesn't — not because the model is wrong, but because 18 was never the whole story.
A69: Periodization Rule — Default Day Type by Days Until Next High-Intent Day
A70: A starting-point schedule for the Next Outing Planner tab: given how many days away a player's next High-Intent Day is — a live Game outing, OR his next High Bullpen day for a guy without a game on the schedule — this is the default Day Type it plans for, before any adjustment for what he actually did the day before or how his trailing week's ACWR is running. This is a coaching judgment call, not a measured constant — tune the Default Day Type column for your own program's rhythm (e.g. a reliever who can pitch on back-to-back days needs a very different rule than a weekend starter).
A72: Days Until Outing | B72: Default Day Type | C72: Why
A73: 0 | B73: Game | C73: The High-Intent Day itself — fixed by the schedule (Game or High Bullpen), not a training choice.
A74: 1 | B74: Low | C74: Day before he pitches: stay loose and protect freshness — never build here.
A75: 2 | B75: Medium | C75: Two days out: moderate catch play while yesterday's work clears.
A76: 3 | B76: High Bullpen | C76: Classic starter bullpen day — enough runway to recover before the next outing.
A77: 4 | B77: Medium | C77: Build day — moderate long toss/pulldowns, not yet max effort.
A78: 5 | B78: Low | C78: Start of taper week: 5 days out, base/recovery work before the build back up.
A80: Far-Out Build Cycle (repeats when more than 5 days from the next High-Intent Day)
A81: The taper table above only covers the last 5 days before your High-Intent Day. Beyond that, instead of flatlining at "Low" for the whole gap (which left long stretches with no training stimulus), Next Outing Planner cycles through this 3-day rhythm — build, compete, recover — repeating until the taper window starts. No day type repeats two days in a row. Tune this table the same way as the taper table above.
A83: Cycle Position (days-6) MOD 3 | B83: Day Type | C83: Why
A84: 0 | B84: Medium | C84: Build day in the repeating base cycle.
A85: 1 | B85: High Non-Bullpen | C85: Compete/high-intent day in the repeating base cycle.
A86: 2 | B86: Low | C86: Recovery day in the repeating base cycle — spaced so it never lands two days running.
A89: Build-Up Engine Settings (used by every Build-Up tab)
A90: Every Build-Up tab builds its plan from these numbers. The weekly workload starts at the Start Weekly Load for the pitcher's Starting Point and grows each week (never faster than Max Weekly Growth) until it reaches Peak Weekly Load right before the taper week; every Nth week is a lighter deload week. Each day's target is that week's load times its Load Share below, and throw counts are solved from the target using the same Distance and Intensity Factors as Throw Log — so a longer max distance means fewer throws, not more workload. Change these to re-tune every plan at once.
A92: Starting Point | B92: Start Weekly Load | C92: Starting Progress (0–1) | D92: Recommended Minimum Window (days)
A93: Auto (from Throw Log) | B93: reads his Throw Log | C93: set from his load | D93: 42 if still active / 84 if restarting
A94: From scratch | B94: 80 | C94: 0 | D94: 84
A95: Already throwing (60–90 ft) | B95: 130 | C95: 0.2 | D95: 56
A96: Already long tossing (120 ft+) | B96: 180 | C96: 0.4 | D96: 42
A97: Peak weekly load (week before taper) | B97: 260
A98: Max weekly growth (1.15 = +15%) | B98: 1.15
A99: Deload every N weeks | B99: 4
A100: Deload week load (share of trend) | B100: 0.85
A101: Min main-segment throws | B101: 20
A102: Max throws — compression / pulldowns | B102: 45
A103: Max throws — recovery catch | B103: 35
A104: 6th throwing day starts at progress | B104: 0.55
A105: Max days off and still count his Throw Log history | B105: 5
A106: Max throws — long toss (total, all steps) | B106: 70
A107: Day of Plan Week | B107: Load Share | C107: Default Session
A108: 1 | B108: 0.12 | C108: Recovery catch
A109: 2 | B109: 0.27 | C109: Big long-toss day
A110: 3 | B110: 0 | C110: Off
A111: 4 | B111: 0.24 | C111: Build day (long toss → compression + flat ground later)
A112: 5 | B112: 0.1 | C112: Recovery catch
A113: 6 | B113: 0.27 | C113: Long toss (+ flat ground later)
A114: 7 | B114: 0.07 | C114: Off early; light catch once progress passes the 6th-day threshold
A116: Back-to-Back Mound Days (used by Throw Log Set Workload)
A117: A Bullpen or Game day that comes right after another outing is thrown on an arm that hasn't recovered, so its whole Set Workload is multiplied. Only Bullpen/Game rows trigger it or get it; pen warm-up on a game day is part of that day. If both apply, the larger one wins. These are coaching judgment calls, not measured constants — tune them here.
A118: Situation | B118: Multiplier
A119: Outing the day after another outing (back-to-back) | B119: 1.5
A120: Outing with one day between it and the last outing | B120: 1.25

Sheet Roster
A1: Roster — Velocity Reference
A2: Blue cells = edit these. Add every player who throws. Avg Top Velo (not Peak Velo) drives the Intensity Factor in Throw Log — it's the average of several of his hardest, most competitive readings (a max-effort bullpen, his best few readings across recent outings), not the single fastest pitch he's ever thrown. A one-time peak is noisy; an average of his real top gear is a more reliable “100% intent” line. Peak Velo is kept for reference only and isn't used in any calculation.
A4: Player Name | B4: Position/Role | C4: Peak Velo (mph) (reference only) | D4: Avg Top Velo (mph) (used in calc) | E4: Notes
A5: Adam Arther | B5: LHP | C5: 92.2 | D5: 87.9
A6: Lewis | D6: 91 | E6: Build-Up Plan: catch play Oct 12, first pen Jan 4
A7: Doty | D7: 91 | E7: Build-Up Plan: catch play Oct 12, first pen Jan 4
A8: Dean | D8: 89 | E8: Build-Up Plan: catch play Oct 12, first pen Jan 4

Sheet Throw Log
A1: Throw Log
A2: One row per throwing SET for most sessions (e.g. a long-toss step, a round of pulldowns). For the whole staff, log Start/End Time — throw count is estimated from that segment's pace (Reference tab); for a rehab guy or a bullpen (easy to count exactly), put the real number in Actual Throw Count and it overrides the time estimate. Enter Velo as a range (Velo Low–High, e.g. 70–74) — the midpoint is used for the calc. For Session Type “Bullpen” or “Game,” leave Distance blank — mound work uses a flat Mound Factor instead (Reference tab). GAME DAYS get ONE row, not two: fill columns H–L for the live outing (pitches + entering/between-innings warm-up, per the Reference callout) and use the Warmup/Bullpen columns (R–T) on that SAME row for whatever he threw getting loose in the pen beforehand — it's added into that row's Set Workload automatically at the Bullpen Mound Factor. Any day that closes by working back in at 60' gets the same treatment: use the 60' Throws / 60' Velo columns (X–Z) on that same row instead of a second row. BACK-TO-BACK: a Bullpen/Game row the day after another outing has its whole Set Workload multiplied (×1.5 by default); with one day in between, ×1.25 — Set Workload turns red/yellow when that happens, and columns AF–AG show the multiplier and the before-multiplier number (tune both on the Reference tab) — they're added in at the flat 60' Distance Factor. LONG TOSS: log it as ONE row — Distance = the farthest he got, Actual Throw Count = total throws for the whole step-out. It's scored as the standard step-out (90, 120, 150… every 30 ft up to that distance, more throws at the short steps), the same way the Build-Up tabs and Day Type Templates plan it. Blue cells = your input; everything else calculates automatically.
A4: Date | B4: Player | C4: Session Type | D4: Distance (ft) (n/a for Bullpen/Game) | E4: Start Time | F4: End Time | G4: Duration (min) | H4: Actual Throw Count (optional override) | I4: Throws Used in Calc | J4: Velo Low (mph) | K4: Velo High (mph) | L4: Velo Mid (mph) | M4: Player Avg Top Velo | N4: Velo Deficit (mph below avg) | O4: Distance/Mound Factor | P4: Intensity Factor | Q4: Set Workload (main + warmup + 60', × back-to-back) | R4: Warmup/Bullpen Throws (same day, optional) | S4: Warmup Velo Low | T4: Warmup Velo High | U4: Warmup Velo Mid | V4: Warmup Deficit | W4: Warmup Intensity Factor | X4: 60' Throws (working back in, optional) | Y4: 60' Velo Low | Z4: 60' Velo High | AA4: 60' Velo Mid | AB4: 60' Deficit | AC4: 60' Intensity Factor | AD4: Notes (arm feel, RPE, etc.) | AE4: Long-Toss Steps (auto) | AF4: Back-to-Back Multiplier | AG4: Workload Before Multiplier
A5: 46265 | B5: Adam Arther | C5: Moderate | D5: 120 | E5: 0.075694444 | F5: 0.085416667 | G5: =IF(OR(E5="",F5=""),"",(F5-E5)*1440) -> 14 | I5: =IF(H5<>"",H5,IF(G5="","",ROUND(G5*IFERROR(INDEX(Reference!$B$44:$B$50,MATCH(C5,Reference!$A$44:$A$50,0)),0),0))) -> 56 | J5: 75 | K5: 81 | L5: =IF(J5="","",IF(K5="",J5,AVERAGE(J5,K5))) -> 78 | M5: =IFERROR(INDEX(Roster!$D$5:$D$40,MATCH(B5,Roster!$A$5:$A$40,0)),"") -> 87.9 | N5: =IF(OR(L5="",M5="",M5=0),"",M5-L5) -> 9.9 | O5: =IF(OR(C5="Bullpen",C5="Game"),IFERROR(INDEX(Reference!$B$61:$B$62,MATCH(C5,Reference!$A$61:$A$62,0)),""),IF(D5="","",IF(AE5>1,((IF(1<=AE5,(AE5-1+3)*(INDEX(Reference!$B$6:$B$11,MIN(5,MATCH(MAX(Reference!$A$6,MIN(Reference!$A$11,MIN(D5,90))),Reference!$A$6:$A$11,1)))+(MAX(Reference!$A$6,MIN(Reference!$A$11,MIN(D5,90)))-INDEX(Reference!$A$6:$A$11,MIN(5,MATCH(MAX(Reference!$A$6,MIN(Reference!$A$11,MIN(D5,90))),Reference!$A$6:$A$11,1))))*(INDEX(Reference!$B$6:$B$11,MIN(5,MATCH(MAX(Reference!$A$6,MIN(Reference!$A$11,MIN(D5,90))),Reference!$A$6:$A$11,1))+1)-INDEX(Reference!$B$6:$B$11,MIN(5,MATCH(MAX(Reference!$A$6,MIN(Reference!$A$11,MIN(D5,90))),Reference!$A$6:$A$11,1))))/(INDEX(Reference!$A$6:$A$11,MIN(5,MATCH(MAX(Reference!$A$6,MIN(Reference!$A$11,MIN(D5,90))),Reference!$A$6:$A$11,1))+1)-INDEX(Reference!$A$6:$A$11,MIN(5,MATCH(MAX(Reference!$A$6,MIN(Reference!$A$11,MIN(D5,90))),Reference!$A$6:$A$11,1))))),0)+IF(2<=AE5,(AE5-2+3)*(INDEX(Reference!$B$6:$B$11,MIN(5,MATCH(MAX(Reference!$A$6,MIN(Reference!$A$11,MIN(D5,120))),Reference!$A$6:$A$11,1)))+(MAX(Reference!$A$6,MIN(Reference!$A$11,MIN(D5,120)))-INDEX(Reference!$A$6:$A$11,MIN(5,MATCH(MAX(Reference!$A$6,MIN(Reference!$A$11,MIN(D5,120))),Reference!$A$6:$A$11,1))))*(INDEX(Reference!$B$6:$B$11,MIN(5,MATCH(MAX(Reference!$A$6,MIN(Reference!$A$11,MIN(D5,120))),Reference!$A$6:$A$11,1))+1)-INDEX(Reference!$B$6:$B$11,MIN(5,MATCH(MAX(Reference!$A$6,MIN(Reference!$A$11,MIN(D5,120))),Reference!$A$6:$A$11,1))))/(INDEX(Reference!$A$6:$A$11,MIN(5,MATCH(MAX(Reference!$A$6,MIN(Reference!$A$11,MIN(D5,120))),Reference!$A$6:$A$11,1))+1)-INDEX(Reference!$A$6:$A$11,MIN(5,MATCH(MAX(Reference!$A$6,MIN(Reference!$A$11,MIN(D5,120))),Reference!$A$6:$A$11,1))))),0)+IF(3<=AE5,(AE5-3+3)*(INDEX(Reference!$B$6:$B$11,MIN(5,MATCH(MAX(Reference!$A$6,MIN(Reference!$A$11,MIN(D5,150))),Reference!$A$6:$A$11,1)))+(MAX(Reference!$A$6,MIN(Reference!$A$11,MIN(D5,150)))-INDEX(Reference!$A$6:$A$11,MIN(5,MATCH(MAX(Reference!$A$6,MIN(Reference!$A$11,MIN(D5,150))),Reference!$A$6:$A$11,1))))*(INDEX(Reference!$B$6:$B$11,MIN(5,MATCH(MAX(Reference!$A$6,MIN(Reference!$A$11,MIN(D5,150))),Reference!$A$6:$A$11,1))+1)-INDEX(Reference!$B$6:$B$11,MIN(5,MATCH(MAX(Reference!$A$6,MIN(Reference!$A$11,MIN(D5,150))),Reference!$A$6:$A$11,1))))/(INDEX(Reference!$A$6:$A$11,MIN(5,MATCH(MAX(Reference!$A$6,MIN(Reference!$A$11,MIN(D5,150))),Reference!$A$6:$A$11,1))+1)-INDEX(Reference!$A$6:$A$11,MIN(5,MATCH(MAX(Reference!$A$6,MIN(Reference!$A$11,MIN(D5,150))),Reference!$A$6:$A$11,1))))),0)+IF(4<=AE5,(AE5-4+3)*(INDEX(Reference!$B$6:$B$11,MIN(5,MATCH(MAX(Reference!$A$6,MIN(Reference!$A$11,MIN(D5,180))),Reference!$A$6:$A$11,1)))+(MAX(Reference!$A$6,MIN(Reference!$A$11,MIN(D5,180)))-INDEX(Reference!$A$6:$A$11,MIN(5,MATCH(MAX(Reference!$A$6,MIN(Reference!$A$11,MIN(D5,180))),Reference!$A$6:$A$11,1))))*(INDEX(Reference!$B$6:$B$11,MIN(5,MATCH(MAX(Reference!$A$6,MIN(Reference!$A$11,MIN(D5,180))),Reference!$A$6:$A$11,1))+1)-INDEX(Reference!$B$6:$B$11,MIN(5,MATCH(MAX(Reference!$A$6,MIN(Reference!$A$11,MIN(D5,180))),Reference!$A$6:$A$11,1))))/(INDEX(Reference!$A$6:$A$11,MIN(5,MATCH(MAX(Reference!$A$6,MIN(Reference!$A$11,MIN(D5,180))),Reference!$A$6:$A$11,1))+1)-INDEX(Reference!$A$6:$A$11,MIN(5,MATCH(MAX(Reference!$A$6,MIN(Reference!$A$11,MIN(D5,180))),Reference!$A$6:$A$11,1))))),0)+IF(5<=AE5,(AE5-5+3)*(INDEX(Reference!$B$6:$B$11,MIN(5,MATCH(MAX(Reference!$A$6,MIN(Reference!$A$11,MIN(D5,210))),Reference!$A$6:$A$11,1)))+(MAX(Reference!$A$6,MIN(Reference!$A$11,MIN(D5,210)))-INDEX(Reference!$A$6:$A$11,MIN(5,MATCH(MAX(Reference!$A$6,MIN(Reference!$A$11,MIN(D5,210))),Reference!$A$6:$A$11,1))))*(INDEX(Reference!$B$6:$B$11,MIN(5,MATCH(MAX(Reference!$A$6,MIN(Reference!$A$11,MIN(D5,210))),Reference!$A$6:$A$11,1))+1)-INDEX(Reference!$B$6:$B$11,MIN(5,MATCH(MAX(Reference!$A$6,MIN(Reference!$A$11,MIN(D5,210))),Reference!$A$6:$A$11,1))))/(INDEX(Reference!$A$6:$A$11,MIN(5,MATCH(MAX(Reference!$A$6,MIN(Reference!$A$11,MIN(D5,210))),Reference!$A$6:$A$11,1))+1)-INDEX(Reference!$A$6:$A$11,MIN(5,MATCH(MAX(Reference!$A$6,MIN(Reference!$A$11,MIN(D5,210))),Reference!$A$6:$A$11,1))))),0)+IF(6<=AE5,(AE5-6+3)*(INDEX(Reference!$B$6:$B$11,MIN(5,MATCH(MAX(Reference!$A$6,MIN(Reference!$A$11,MIN(D5,240))),Reference!$A$6:$A$11,1)))+(MAX(Reference!$A$6,MIN(Reference!$A$11,MIN(D5,240)))-INDEX(Reference!$A$6:$A$11,MIN(5,MATCH(MAX(Reference!$A$6,MIN(Reference!$A$11,MIN(D5,240))),Reference!$A$6:$A$11,1))))*(INDEX(Reference!$B$6:$B$11,MIN(5,MATCH(MAX(Reference!$A$6,MIN(Reference!$A$11,MIN(D5,240))),Reference!$A$6:$A$11,1))+1)-INDEX(Reference!$B$6:$B$11,MIN(5,MATCH(MAX(Reference!$A$6,MIN(Reference!$A$11,MIN(D5,240))),Reference!$A$6:$A$11,1))))/(INDEX(Reference!$A$6:$A$11,MIN(5,MATCH(MAX(Reference!$A$6,MIN(Reference!$A$11,MIN(D5,240))),Reference!$A$6:$A$11,1))+1)-INDEX(Reference!$A$6:$A$11,MIN(5,MATCH(MAX(Reference!$A$6,MIN(Reference!$A$11,MIN(D5,240))),Reference!$A$6:$A$11,1))))),0)+IF(7<=AE5,(AE5-7+3)*(INDEX(Reference!$B$6:$B$11,MIN(5,MATCH(MAX(Reference!$A$6,MIN(Reference!$A$11,MIN(D5,270))),Reference!$A$6:$A$11,1)))+(MAX(Reference!$A$6,MIN(Reference!$A$11,MIN(D5,270)))-INDEX(Reference!$A$6:$A$11,MIN(5,MATCH(MAX(Reference!$A$6,MIN(Reference!$A$11,MIN(D5,270))),Reference!$A$6:$A$11,1))))*(INDEX(Reference!$B$6:$B$11,MIN(5,MATCH(MAX(Reference!$A$6,MIN(Reference!$A$11,MIN(D5,270))),Reference!$A$6:$A$11,1))+1)-INDEX(Reference!$B$6:$B$11,MIN(5,MATCH(MAX(Reference!$A$6,MIN(Reference!$A$11,MIN(D5,270))),Reference!$A$6:$A$11,1))))/(INDEX(Reference!$A$6:$A$11,MIN(5,MATCH(MAX(Reference!$A$6,MIN(Reference!$A$11,MIN(D5,270))),Reference!$A$6:$A$11,1))+1)-INDEX(Reference!$A$6:$A$11,MIN(5,MATCH(MAX(Reference!$A$6,MIN(Reference!$A$11,MIN(D5,270))),Reference!$A$6:$A$11,1))))),0)+IF(8<=AE5,(AE5-8+3)*(INDEX(Reference!$B$6:$B$11,MIN(5,MATCH(MAX(Reference!$A$6,MIN(Reference!$A$11,MIN(D5,300))),Reference!$A$6:$A$11,1)))+(MAX(Reference!$A$6,MIN(Reference!$A$11,MIN(D5,300)))-INDEX(Reference!$A$6:$A$11,MIN(5,MATCH(MAX(Reference!$A$6,MIN(Reference!$A$11,MIN(D5,300))),Reference!$A$6:$A$11,1))))*(INDEX(Reference!$B$6:$B$11,MIN(5,MATCH(MAX(Reference!$A$6,MIN(Reference!$A$11,MIN(D5,300))),Reference!$A$6:$A$11,1))+1)-INDEX(Reference!$B$6:$B$11,MIN(5,MATCH(MAX(Reference!$A$6,MIN(Reference!$A$11,MIN(D5,300))),Reference!$A$6:$A$11,1))))/(INDEX(Reference!$A$6:$A$11,MIN(5,MATCH(MAX(Reference!$A$6,MIN(Reference!$A$11,MIN(D5,300))),Reference!$A$6:$A$11,1))+1)-INDEX(Reference!$A$6:$A$11,MIN(5,MATCH(MAX(Reference!$A$6,MIN(Reference!$A$11,MIN(D5,300))),Reference!$A$6:$A$11,1))))),0))/(AE5*(AE5+5)/2)),(INDEX(Reference!$B$6:$B$11,MIN(5,MATCH(MAX(Reference!$A$6,MIN(Reference!$A$11,D5)),Reference!$A$6:$A$11,1)))+(MAX(Reference!$A$6,MIN(Reference!$A$11,D5))-INDEX(Reference!$A$6:$A$11,MIN(5,MATCH(MAX(Reference!$A$6,MIN(Reference!$A$11,D5)),Reference!$A$6:$A$11,1))))*(INDEX(Reference!$B$6:$B$11,MIN(5,MATCH(MAX(Reference!$A$6,MIN(Reference!$A$11,D5)),Reference!$A$6:$A$11,1))+1)-INDEX(Reference!$B$6:$B$11,MIN(5,MATCH(MAX(Reference!$A$6,MIN(Reference!$A$11,D5)),Reference!$A$6:$A$11,1))))/(INDEX(Reference!$A$6:$A$11,MIN(5,MATCH(MAX(Reference!$A$6,MIN(Reference!$A$11,D5)),Reference!$A$6:$A$11,1))+1)-INDEX(Reference!$A$6:$A$11,MIN(5,MATCH(MAX(Reference!$A$6,MIN(Reference!$A$11,D5)),Reference!$A$6:$A$11,1)))))))) -> 1.7 | P5: =IF(N5="","",VLOOKUP(MAX(N5,0),Reference!$A$17:$B$20,2,TRUE())) -> 1 | Q5: =IF(AG5="","",AG5*IF(AF5="",1,AF5)) -> 95.2 | U5: =IF(S5="","",IF(T5="",S5,AVERAGE(S5,T5))) | V5: =IF(OR(U5="",M5="",M5=0),"",M5-U5) | W5: =IF(V5="","",VLOOKUP(MAX(V5,0),Reference!$A$17:$B$20,2,TRUE())) | AA5: =IF(Y5="","",IF(Z5="",Y5,AVERAGE(Y5,Z5))) | AB5: =IF(OR(AA5="",M5="",M5=0),"",M5-AA5) | AC5: =IF(AB5="","",VLOOKUP(MAX(AB5,0),Reference!$A$17:$B$20,2,TRUE())) | AD5: Timed the whole group together | AE5: =IF(AND(C5="Long Toss",N(D5)>90),1+ROUNDUP((D5-90)/30,0),1) -> 1 | AF5: =IF(OR(A5="",B5="",AND(C5<>"Bullpen",C5<>"Game")),"",IF((COUNTIFS($B$5:$B$300,B5,$A$5:$A$300,A5-1,$C$5:$C$300,"Bullpen",$AG$5:$AG$300,">0") + COUNTIFS($B$5:$B$300,B5,$A$5:$A$300,A5-1,$C$5:$C$300,"Game",$AG$5:$AG$300,">0"))>0,Reference!$B$119,IF((COUNTIFS($B$5:$B$300,B5,$A$5:$A$300,A5-2,$C$5:$C$300,"Bullpen",$AG$5:$AG$300,">0") + COUNTIFS($B$5:$B$300,B5,$A$5:$A$300,A5-2,$C$5:$C$300,"Game",$AG$5:$AG$300,">0"))>0,Reference!$B$120,1))) | AG5: =IF(AND(OR(I5="",O5="",P5=""),OR(R5="",W5=""),OR(X5="",AC5="")),"",IF(OR(I5="",O5="",P5=""),0,I5*O5*P5)+IF(OR(R5="",W5=""),0,R5*IFERROR(INDEX(Reference!$B$61:$B$62,MATCH("Bullpen",Reference!$A$61:$A$62,0)),0)*W5)+IF(OR(X5="",AC5=""),0,X5*(INDEX(Reference!$B$6:$B$11,MIN(5,MATCH(MAX(Reference!$A$6,MIN(Reference!$A$11,60)),Reference!$A$6:$A$11,1)))+(MAX(Reference!$A$6,MIN(Reference!$A$11,60))-INDEX(Reference!$A$6:$A$11,MIN(5,MATCH(MAX(Reference!$A$6,MIN(Reference!$A$11,60)),Reference!$A$6:$A$11,1))))*(INDEX(Reference!$B$6:$B$11,MIN(5,MATCH(MAX(Reference!$A$6,MIN(Reference!$A$11,60)),Reference!$A$6:$A$11,1))+1)-INDEX(Reference!$B$6:$B$11,MIN(5,MATCH(MAX(Reference!$A$6,MIN(Reference!$A$11,60)),Reference!$A$6:$A$11,1))))/(INDEX(Reference!$A$6:$A$11,MIN(5,MATCH(MAX(Reference!$A$6,MIN(Reference!$A$11,60)),Reference!$A$6:$A$11,1))+1)-INDEX(Reference!$A$6:$A$11,MIN(5,MATCH(MAX(Reference!$A$6,MIN(Reference!$A$11,60)),Reference!$A$6:$A$11,1)))))*AC5)) -> 95.2
A6: 46266 | B6: Adam Arther | C6: Recovery/Easy Catch | D6: 75 | E6: 0.072916667 | F6: 0.08125 | G6: =IF(OR(E6="",F6=""),"",(F6-E6)*1440) -> 12 | I6: =IF(H6<>"",H6,IF(G6="","",ROUND(G6*IFERROR(INDEX(Reference!$B$44:$B$50,MATCH(C6,Reference!$A$44:$A$50,0)),0),0))) -> 66 | J6: 72 | K6: 75 | L6: =IF(J6="","",IF(K6="",J6,AVERAGE(J6,K6))) -> 73.5 | M6: =IFERROR(INDEX(Roster!$D$5:$D$40,MATCH(B6,Roster!$A$5:$A$40,0)),"") -> 87.9 | N6: =IF(OR(L6="",M6="",M6=0),"",M6-L6) -> 14.4 | O6: =IF(OR(C6="Bullpen",C6="Game"),IFERROR(INDEX(Reference!$B$61:$B$62,MATCH(C6,Reference!$A$61:$A$62,0)),""),IF(D6="","",IF(AE6>1,((IF(1<=AE6,(AE6-1+3)*(INDEX(Reference!$B$6:$B$11,MIN(5,MATCH(MAX(Reference!$A$6,MIN(Reference!$A$11,MIN(D6,90))),Reference!$A$6:$A$11,1)))+(MAX(Reference!$A$6,MIN(Reference!$A$11,MIN(D6,90)))-INDEX(Reference!$A$6:$A$11,MIN(5,MATCH(MAX(Reference!$A$6,MIN(Reference!$A$11,MIN(D6,90))),Reference!$A$6:$A$11,1))))*(INDEX(Reference!$B$6:$B$11,MIN(5,MATCH(MAX(Reference!$A$6,MIN(Reference!$A$11,MIN(D6,90))),Reference!$A$6:$A$11,1))+1)-INDEX(Reference!$B$6:$B$11,MIN(5,MATCH(MAX(Reference!$A$6,MIN(Reference!$A$11,MIN(D6,90))),Reference!$A$6:$A$11,1))))/(INDEX(Reference!$A$6:$A$11,MIN(5,MATCH(MAX(Reference!$A$6,MIN(Reference!$A$11,MIN(D6,90))),Reference!$A$6:$A$11,1))+1)-INDEX(Reference!$A$6:$A$11,MIN(5,MATCH(MAX(Reference!$A$6,MIN(Reference!$A$11,MIN(D6,90))),Reference!$A$6:$A$11,1))))),0)+IF(2<=AE6,(AE6-2+3)*(INDEX(Reference!$B$6:$B$11,MIN(5,MATCH(MAX(Reference!$A$6,MIN(Reference!$A$11,MIN(D6,120))),Reference!$A$6:$A$11,1)))+(MAX(Reference!$A$6,MIN(Reference!$A$11,MIN(D6,120)))-INDEX(Reference!$A$6:$A$11,MIN(5,MATCH(MAX(Reference!$A$6,MIN(Reference!$A$11,MIN(D6,120))),Reference!$A$6:$A$11,1))))*(INDEX(Reference!$B$6:$B$11,MIN(5,MATCH(MAX(Reference!$A$6,MIN(Reference!$A$11,MIN(D6,120))),Reference!$A$6:$A$11,1))+1)-INDEX(Reference!$B$6:$B$11,MIN(5,MATCH(MAX(Reference!$A$6,MIN(Reference!$A$11,MIN(D6,120))),Reference!$A$6:$A$11,1))))/(INDEX(Reference!$A$6:$A$11,MIN(5,MATCH(MAX(Reference!$A$6,MIN(Reference!$A$11,MIN(D6,120))),Reference!$A$6:$A$11,1))+1)-INDEX(Reference!$A$6:$A$11,MIN(5,MATCH(MAX(Reference!$A$6,MIN(Reference!$A$11,MIN(D6,120))),Reference!$A$6:$A$11,1))))),0)+IF(3<=AE6,(AE6-3+3)*(INDEX(Reference!$B$6:$B$11,MIN(5,MATCH(MAX(Reference!$A$6,MIN(Reference!$A$11,MIN(D6,150))),Reference!$A$6:$A$11,1)))+(MAX(Reference!$A$6,MIN(Reference!$A$11,MIN(D6,150)))-INDEX(Reference!$A$6:$A$11,MIN(5,MATCH(MAX(Reference!$A$6,MIN(Reference!$A$11,MIN(D6,150))),Reference!$A$6:$A$11,1))))*(INDEX(Reference!$B$6:$B$11,MIN(5,MATCH(MAX(Reference!$A$6,MIN(Reference!$A$11,MIN(D6,150))),Reference!$A$6:$A$11,1))+1)-INDEX(Reference!$B$6:$B$11,MIN(5,MATCH(MAX(Reference!$A$6,MIN(Reference!$A$11,MIN(D6,150))),Reference!$A$6:$A$11,1))))/(INDEX(Reference!$A$6:$A$11,MIN(5,MATCH(MAX(Reference!$A$6,MIN(Reference!$A$11,MIN(D6,150))),Reference!$A$6:$A$11,1))+1)-INDEX(Reference!$A$6:$A$11,MIN(5,MATCH(MAX(Reference!$A$6,MIN(Reference!$A$11,MIN(D6,150))),Reference!$A$6:$A$11,1))))),0)+IF(4<=AE6,(AE6-4+3)*(INDEX(Reference!$B$6:$B$11,MIN(5,MATCH(MAX(Reference!$A$6,MIN(Reference!$A$11,MIN(D6,180))),Reference!$A$6:$A$11,1)))+(MAX(Reference!$A$6,MIN(Reference!$A$11,MIN(D6,180)))-INDEX(Reference!$A$6:$A$11,MIN(5,MATCH(MAX(Reference!$A$6,MIN(Reference!$A$11,MIN(D6,180))),Reference!$A$6:$A$11,1))))*(INDEX(Reference!$B$6:$B$11,MIN(5,MATCH(MAX(Reference!$A$6,MIN(Reference!$A$11,MIN(D6,180))),Reference!$A$6:$A$11,1))+1)-INDEX(Reference!$B$6:$B$11,MIN(5,MATCH(MAX(Reference!$A$6,MIN(Reference!$A$11,MIN(D6,180))),Reference!$A$6:$A$11,1))))/(INDEX(Reference!$A$6:$A$11,MIN(5,MATCH(MAX(Reference!$A$6,MIN(Reference!$A$11,MIN(D6,180))),Reference!$A$6:$A$11,1))+1)-INDEX(Reference!$A$6:$A$11,MIN(5,MATCH(MAX(Reference!$A$6,MIN(Reference!$A$11,MIN(D6,180))),Reference!$A$6:$A$11,1))))),0)+IF(5<=AE6,(AE6-5+3)*(INDEX(Reference!$B$6:$B$11,MIN(5,MATCH(MAX(Reference!$A$6,MIN(Reference!$A$11,MIN(D6,210))),Reference!$A$6:$A$11,1)))+(MAX(Reference!$A$6,MIN(Reference!$A$11,MIN(D6,210)))-INDEX(Reference!$A$6:$A$11,MIN(5,MATCH(MAX(Reference!$A$6,MIN(Reference!$A$11,MIN(D6,210))),Reference!$A$6:$A$11,1))))*(INDEX(Reference!$B$6:$B$11,MIN(5,MATCH(MAX(Reference!$A$6,MIN(Reference!$A$11,MIN(D6,210))),Reference!$A$6:$A$11,1))+1)-INDEX(Reference!$B$6:$B$11,MIN(5,MATCH(MAX(Reference!$A$6,MIN(Reference!$A$11,MIN(D6,210))),Reference!$A$6:$A$11,1))))/(INDEX(Reference!$A$6:$A$11,MIN(5,MATCH(MAX(Reference!$A$6,MIN(Reference!$A$11,MIN(D6,210))),Reference!$A$6:$A$11,1))+1)-INDEX(Reference!$A$6:$A$11,MIN(5,MATCH(MAX(Reference!$A$6,MIN(Reference!$A$11,MIN(D6,210))),Reference!$A$6:$A$11,1))))),0)+IF(6<=AE6,(AE6-6+3)*(INDEX(Reference!$B$6:$B$11,MIN(5,MATCH(MAX(Reference!$A$6,MIN(Reference!$A$11,MIN(D6,240))),Reference!$A$6:$A$11,1)))+(MAX(Reference!$A$6,MIN(Reference!$A$11,MIN(D6,240)))-INDEX(Reference!$A$6:$A$11,MIN(5,MATCH(MAX(Reference!$A$6,MIN(Reference!$A$11,MIN(D6,240))),Reference!$A$6:$A$11,1))))*(INDEX(Reference!$B$6:$B$11,MIN(5,MATCH(MAX(Reference!$A$6,MIN(Reference!$A$11,MIN(D6,240))),Reference!$A$6:$A$11,1))+1)-INDEX(Reference!$B$6:$B$11,MIN(5,MATCH(MAX(Reference!$A$6,MIN(Reference!$A$11,MIN(D6,240))),Reference!$A$6:$A$11,1))))/(INDEX(Reference!$A$6:$A$11,MIN(5,MATCH(MAX(Reference!$A$6,MIN(Reference!$A$11,MIN(D6,240))),Reference!$A$6:$A$11,1))+1)-INDEX(Reference!$A$6:$A$11,MIN(5,MATCH(MAX(Reference!$A$6,MIN(Reference!$A$11,MIN(D6,240))),Reference!$A$6:$A$11,1))))),0)+IF(7<=AE6,(AE6-7+3)*(INDEX(Reference!$B$6:$B$11,MIN(5,MATCH(MAX(Reference!$A$6,MIN(Reference!$A$11,MIN(D6,270))),Reference!$A$6:$A$11,1)))+(MAX(Reference!$A$6,MIN(Reference!$A$11,MIN(D6,270)))-INDEX(Reference!$A$6:$A$11,MIN(5,MATCH(MAX(Reference!$A$6,MIN(Reference!$A$11,MIN(D6,270))),Reference!$A$6:$A$11,1))))*(INDEX(Reference!$B$6:$B$11,MIN(5,MATCH(MAX(Reference!$A$6,MIN(Reference!$A$11,MIN(D6,270))),Reference!$A$6:$A$11,1))+1)-INDEX(Reference!$B$6:$B$11,MIN(5,MATCH(MAX(Reference!$A$6,MIN(Reference!$A$11,MIN(D6,270))),Reference!$A$6:$A$11,1))))/(INDEX(Reference!$A$6:$A$11,MIN(5,MATCH(MAX(Reference!$A$6,MIN(Reference!$A$11,MIN(D6,270))),Reference!$A$6:$A$11,1))+1)-INDEX(Reference!$A$6:$A$11,MIN(5,MATCH(MAX(Reference!$A$6,MIN(Reference!$A$11,MIN(D6,270))),Reference!$A$6:$A$11,1))))),0)+IF(8<=AE6,(AE6-8+3)*(INDEX(Reference!$B$6:$B$11,MIN(5,MATCH(MAX(Reference!$A$6,MIN(Reference!$A$11,MIN(D6,300))),Reference!$A$6:$A$11,1)))+(MAX(Reference!$A$6,MIN(Reference!$A$11,MIN(D6,300)))-INDEX(Reference!$A$6:$A$11,MIN(5,MATCH(MAX(Reference!$A$6,MIN(Reference!$A$11,MIN(D6,300))),Reference!$A$6:$A$11,1))))*(INDEX(Reference!$B$6:$B$11,MIN(5,MATCH(MAX(Reference!$A$6,MIN(Reference!$A$11,MIN(D6,300))),Reference!$A$6:$A$11,1))+1)-INDEX(Reference!$B$6:$B$11,MIN(5,MATCH(MAX(Reference!$A$6,MIN(Reference!$A$11,MIN(D6,300))),Reference!$A$6:$A$11,1))))/(INDEX(Reference!$A$6:$A$11,MIN(5,MATCH(MAX(Reference!$A$6,MIN(Reference!$A$11,MIN(D6,300))),Reference!$A$6:$A$11,1))+1)-INDEX(Reference!$A$6:$A$11,MIN(5,MATCH(MAX(Reference!$A$6,MIN(Reference!$A$11,MIN(D6,300))),Reference!$A$6:$A$11,1))))),0))/(AE6*(AE6+5)/2)),(INDEX(Reference!$B$6:$B$11,MIN(5,MATCH(MAX(Reference!$A$6,MIN(Reference!$A$11,D6)),Reference!$A$6:$A$11,1)))+(MAX(Reference!$A$6,MIN(Reference!$A$11,D6))-INDEX(Reference!$A$6:$A$11,MIN(5,MATCH(MAX(Reference!$A$6,MIN(Reference!$A$11,D6)),Reference!$A$6:$A$11,1))))*(INDEX(Reference!$B$6:$B$11,MIN(5,MATCH(MAX(Reference!$A$6,MIN(Reference!$A$11,D6)),Reference!$A$6:$A$11,1))+1)-INDEX(Reference!$B$6:$B$11,MIN(5,MATCH(MAX(Reference!$A$6,MIN(Reference!$A$11,D6)),Reference!$A$6:$A$11,1))))/(INDEX(Reference!$A$6:$A$11,MIN(5,MATCH(MAX(Reference!$A$6,MIN(Reference!$A$11,D6)),Reference!$A$6:$A$11,1))+1)-INDEX(Reference!$A$6:$A$11,MIN(5,MATCH(MAX(Reference!$A$6,MIN(Reference!$A$11,D6)),Reference!$A$6:$A$11,1)))))))) -> 1.15 | P6: =IF(N6="","",VLOOKUP(MAX(N6,0),Reference!$A$17:$B$20,2,TRUE())) -> 0.6 | Q6: =IF(AG6="","",AG6*IF(AF6="",1,AF6)) -> 45.54 | U6: =IF(S6="","",IF(T6="",S6,AVERAGE(S6,T6))) | V6: =IF(OR(U6="",M6="",M6=0),"",M6-U6) | W6: =IF(V6="","",VLOOKUP(MAX(V6,0),Reference!$A$17:$B$20,2,TRUE())) | AA6: =IF(Y6="","",IF(Z6="",Y6,AVERAGE(Y6,Z6))) | AB6: =IF(OR(AA6="",M6="",M6=0),"",M6-AA6) | AC6: =IF(AB6="","",VLOOKUP(MAX(AB6,0),Reference!$A$17:$B$20,2,TRUE())) | AD6: WORKING BACK — stretching out to 150 ft, easy effort, estimated from time | AE6: =IF(AND(C6="Long Toss",N(D6)>90),1+ROUNDUP((D6-90)/30,0),1) -> 1 | AF6: =IF(OR(A6="",B6="",AND(C6<>"Bullpen",C6<>"Game")),"",IF((COUNTIFS($B$5:$B$300,B6,$A$5:$A$300,A6-1,$C$5:$C$300,"Bullpen",$AG$5:$AG$300,">0") + COUNTIFS($B$5:$B$300,B6,$A$5:$A$300,A6-1,$C$5:$C$300,"Game",$AG$5:$AG$300,">0"))>0,Reference!$B$119,IF((COUNTIFS($B$5:$B$300,B6,$A$5:$A$300,A6-2,$C$5:$C$300,"Bullpen",$AG$5:$AG$300,">0") + COUNTIFS($B$5:$B$300,B6,$A$5:$A$300,A6-2,$C$5:$C$300,"Game",$AG$5:$AG$300,">0"))>0,Reference!$B$120,1))) | AG6: =IF(AND(OR(I6="",O6="",P6=""),OR(R6="",W6=""),OR(X6="",AC6="")),"",IF(OR(I6="",O6="",P6=""),0,I6*O6*P6)+IF(OR(R6="",W6=""),0,R6*IFERROR(INDEX(Reference!$B$61:$B$62,MATCH("Bullpen",Reference!$A$61:$A$62,0)),0)*W6)+IF(OR(X6="",AC6=""),0,X6*(INDEX(Reference!$B$6:$B$11,MIN(5,MATCH(MAX(Reference!$A$6,MIN(Reference!$A$11,60)),Reference!$A$6:$A$11,1)))+(MAX(Reference!$A$6,MIN(Reference!$A$11,60))-INDEX(Reference!$A$6:$A$11,MIN(5,MATCH(MAX(Reference!$A$6,MIN(Reference!$A$11,60)),Reference!$A$6:$A$11,1))))*(INDEX(Reference!$B$6:$B$11,MIN(5,MATCH(MAX(Reference!$A$6,MIN(Reference!$A$11,60)),Reference!$A$6:$A$11,1))+1)-INDEX(Reference!$B$6:$B$11,MIN(5,MATCH(MAX(Reference!$A$6,MIN(Reference!$A$11,60)),Reference!$A$6:$A$11,1))))/(INDEX(Reference!$A$6:$A$11,MIN(5,MATCH(MAX(Reference!$A$6,MIN(Reference!$A$11,60)),Reference!$A$6:$A$11,1))+1)-INDEX(Reference!$A$6:$A$11,MIN(5,MATCH(MAX(Reference!$A$6,MIN(Reference!$A$11,60)),Reference!$A$6:$A$11,1)))))*AC6)) -> 45.54
A7: 46267 | B7: Adam Arther | C7: Moderate | D7: 120 | E7: 0.075694444 | F7: 0.085416667 | G7: =IF(OR(E7="",F7=""),"",(F7-E7)*1440) -> 14 | I7: =IF(H7<>"",H7,IF(G7="","",ROUND(G7*IFERROR(INDEX(Reference!$B$44:$B$50,MATCH(C7,Reference!$A$44:$A$50,0)),0),0))) -> 56 | J7: 75 | K7: 81 | L7: =IF(J7="","",IF(K7="",J7,AVERAGE(J7,K7))) -> 78 | M7: =IFERROR(INDEX(Roster!$D$5:$D$40,MATCH(B7,Roster!$A$5:$A$40,0)),"") -> 87.9 | N7: =IF(OR(L7="",M7="",M7=0),"",M7-L7) -> 9.9 | O7: =IF(OR(C7="Bullpen",C7="Game"),IFERROR(INDEX(Reference!$B$61:$B$62,MATCH(C7,Reference!$A$61:$A$62,0)),""),IF(D7="","",IF(AE7>1,((IF(1<=AE7,(AE7-1+3)*(INDEX(Reference!$B$6:$B$11,MIN(5,MATCH(MAX(Reference!$A$6,MIN(Reference!$A$11,MIN(D7,90))),Reference!$A$6:$A$11,1)))+(MAX(Reference!$A$6,MIN(Reference!$A$11,MIN(D7,90)))-INDEX(Reference!$A$6:$A$11,MIN(5,MATCH(MAX(Reference!$A$6,MIN(Reference!$A$11,MIN(D7,90))),Reference!$A$6:$A$11,1))))*(INDEX(Reference!$B$6:$B$11,MIN(5,MATCH(MAX(Reference!$A$6,MIN(Reference!$A$11,MIN(D7,90))),Reference!$A$6:$A$11,1))+1)-INDEX(Reference!$B$6:$B$11,MIN(5,MATCH(MAX(Reference!$A$6,MIN(Reference!$A$11,MIN(D7,90))),Reference!$A$6:$A$11,1))))/(INDEX(Reference!$A$6:$A$11,MIN(5,MATCH(MAX(Reference!$A$6,MIN(Reference!$A$11,MIN(D7,90))),Reference!$A$6:$A$11,1))+1)-INDEX(Reference!$A$6:$A$11,MIN(5,MATCH(MAX(Reference!$A$6,MIN(Reference!$A$11,MIN(D7,90))),Reference!$A$6:$A$11,1))))),0)+IF(2<=AE7,(AE7-2+3)*(INDEX(Reference!$B$6:$B$11,MIN(5,MATCH(MAX(Reference!$A$6,MIN(Reference!$A$11,MIN(D7,120))),Reference!$A$6:$A$11,1)))+(MAX(Reference!$A$6,MIN(Reference!$A$11,MIN(D7,120)))-INDEX(Reference!$A$6:$A$11,MIN(5,MATCH(MAX(Reference!$A$6,MIN(Reference!$A$11,MIN(D7,120))),Reference!$A$6:$A$11,1))))*(INDEX(Reference!$B$6:$B$11,MIN(5,MATCH(MAX(Reference!$A$6,MIN(Reference!$A$11,MIN(D7,120))),Reference!$A$6:$A$11,1))+1)-INDEX(Reference!$B$6:$B$11,MIN(5,MATCH(MAX(Reference!$A$6,MIN(Reference!$A$11,MIN(D7,120))),Reference!$A$6:$A$11,1))))/(INDEX(Reference!$A$6:$A$11,MIN(5,MATCH(MAX(Reference!$A$6,MIN(Reference!$A$11,MIN(D7,120))),Reference!$A$6:$A$11,1))+1)-INDEX(Reference!$A$6:$A$11,MIN(5,MATCH(MAX(Reference!$A$6,MIN(Reference!$A$11,MIN(D7,120))),Reference!$A$6:$A$11,1))))),0)+IF(3<=AE7,(AE7-3+3)*(INDEX(Reference!$B$6:$B$11,MIN(5,MATCH(MAX(Reference!$A$6,MIN(Reference!$A$11,MIN(D7,150))),Reference!$A$6:$A$11,1)))+(MAX(Reference!$A$6,MIN(Reference!$A$11,MIN(D7,150)))-INDEX(Reference!$A$6:$A$11,MIN(5,MATCH(MAX(Reference!$A$6,MIN(Reference!$A$11,MIN(D7,150))),Reference!$A$6:$A$11,1))))*(INDEX(Reference!$B$6:$B$11,MIN(5,MATCH(MAX(Reference!$A$6,MIN(Reference!$A$11,MIN(D7,150))),Reference!$A$6:$A$11,1))+1)-INDEX(Reference!$B$6:$B$11,MIN(5,MATCH(MAX(Reference!$A$6,MIN(Reference!$A$11,MIN(D7,150))),Reference!$A$6:$A$11,1))))/(INDEX(Reference!$A$6:$A$11,MIN(5,MATCH(MAX(Reference!$A$6,MIN(Reference!$A$11,MIN(D7,150))),Reference!$A$6:$A$11,1))+1)-INDEX(Reference!$A$6:$A$11,MIN(5,MATCH(MAX(Reference!$A$6,MIN(Reference!$A$11,MIN(D7,150))),Reference!$A$6:$A$11,1))))),0)+IF(4<=AE7,(AE7-4+3)*(INDEX(Reference!$B$6:$B$11,MIN(5,MATCH(MAX(Reference!$A$6,MIN(Reference!$A$11,MIN(D7,180))),Reference!$A$6:$A$11,1)))+(MAX(Reference!$A$6,MIN(Reference!$A$11,MIN(D7,180)))-INDEX(Reference!$A$6:$A$11,MIN(5,MATCH(MAX(Reference!$A$6,MIN(Reference!$A$11,MIN(D7,180))),Reference!$A$6:$A$11,1))))*(INDEX(Reference!$B$6:$B$11,MIN(5,MATCH(MAX(Reference!$A$6,MIN(Reference!$A$11,MIN(D7,180))),Reference!$A$6:$A$11,1))+1)-INDEX(Reference!$B$6:$B$11,MIN(5,MATCH(MAX(Reference!$A$6,MIN(Reference!$A$11,MIN(D7,180))),Reference!$A$6:$A$11,1))))/(INDEX(Reference!$A$6:$A$11,MIN(5,MATCH(MAX(Reference!$A$6,MIN(Reference!$A$11,MIN(D7,180))),Reference!$A$6:$A$11,1))+1)-INDEX(Reference!$A$6:$A$11,MIN(5,MATCH(MAX(Reference!$A$6,MIN(Reference!$A$11,MIN(D7,180))),Reference!$A$6:$A$11,1))))),0)+IF(5<=AE7,(AE7-5+3)*(INDEX(Reference!$B$6:$B$11,MIN(5,MATCH(MAX(Reference!$A$6,MIN(Reference!$A$11,MIN(D7,210))),Reference!$A$6:$A$11,1)))+(MAX(Reference!$A$6,MIN(Reference!$A$11,MIN(D7,210)))-INDEX(Reference!$A$6:$A$11,MIN(5,MATCH(MAX(Reference!$A$6,MIN(Reference!$A$11,MIN(D7,210))),Reference!$A$6:$A$11,1))))*(INDEX(Reference!$B$6:$B$11,MIN(5,MATCH(MAX(Reference!$A$6,MIN(Reference!$A$11,MIN(D7,210))),Reference!$A$6:$A$11,1))+1)-INDEX(Reference!$B$6:$B$11,MIN(5,MATCH(MAX(Reference!$A$6,MIN(Reference!$A$11,MIN(D7,210))),Reference!$A$6:$A$11,1))))/(INDEX(Reference!$A$6:$A$11,MIN(5,MATCH(MAX(Reference!$A$6,MIN(Reference!$A$11,MIN(D7,210))),Reference!$A$6:$A$11,1))+1)-INDEX(Reference!$A$6:$A$11,MIN(5,MATCH(MAX(Reference!$A$6,MIN(Reference!$A$11,MIN(D7,210))),Reference!$A$6:$A$11,1))))),0)+IF(6<=AE7,(AE7-6+3)*(INDEX(Reference!$B$6:$B$11,MIN(5,MATCH(MAX(Reference!$A$6,MIN(Reference!$A$11,MIN(D7,240))),Reference!$A$6:$A$11,1)))+(MAX(Reference!$A$6,MIN(Reference!$A$11,MIN(D7,240)))-INDEX(Reference!$A$6:$A$11,MIN(5,MATCH(MAX(Reference!$A$6,MIN(Reference!$A$11,MIN(D7,240))),Reference!$A$6:$A$11,1))))*(INDEX(Reference!$B$6:$B$11,MIN(5,MATCH(MAX(Reference!$A$6,MIN(Reference!$A$11,MIN(D7,240))),Reference!$A$6:$A$11,1))+1)-INDEX(Reference!$B$6:$B$11,MIN(5,MATCH(MAX(Reference!$A$6,MIN(Reference!$A$11,MIN(D7,240))),Reference!$A$6:$A$11,1))))/(INDEX(Reference!$A$6:$A$11,MIN(5,MATCH(MAX(Reference!$A$6,MIN(Reference!$A$11,MIN(D7,240))),Reference!$A$6:$A$11,1))+1)-INDEX(Reference!$A$6:$A$11,MIN(5,MATCH(MAX(Reference!$A$6,MIN(Reference!$A$11,MIN(D7,240))),Reference!$A$6:$A$11,1))))),0)+IF(7<=AE7,(AE7-7+3)*(INDEX(Reference!$B$6:$B$11,MIN(5,MATCH(MAX(Reference!$A$6,MIN(Reference!$A$11,MIN(D7,270))),Reference!$A$6:$A$11,1)))+(MAX(Reference!$A$6,MIN(Reference!$A$11,MIN(D7,270)))-INDEX(Reference!$A$6:$A$11,MIN(5,MATCH(MAX(Reference!$A$6,MIN(Reference!$A$11,MIN(D7,270))),Reference!$A$6:$A$11,1))))*(INDEX(Reference!$B$6:$B$11,MIN(5,MATCH(MAX(Reference!$A$6,MIN(Reference!$A$11,MIN(D7,270))),Reference!$A$6:$A$11,1))+1)-INDEX(Reference!$B$6:$B$11,MIN(5,MATCH(MAX(Reference!$A$6,MIN(Reference!$A$11,MIN(D7,270))),Reference!$A$6:$A$11,1))))/(INDEX(Reference!$A$6:$A$11,MIN(5,MATCH(MAX(Reference!$A$6,MIN(Reference!$A$11,MIN(D7,270))),Reference!$A$6:$A$11,1))+1)-INDEX(Reference!$A$6:$A$11,MIN(5,MATCH(MAX(Reference!$A$6,MIN(Reference!$A$11,MIN(D7,270))),Reference!$A$6:$A$11,1))))),0)+IF(8<=AE7,(AE7-8+3)*(INDEX(Reference!$B$6:$B$11,MIN(5,MATCH(MAX(Reference!$A$6,MIN(Reference!$A$11,MIN(D7,300))),Reference!$A$6:$A$11,1)))+(MAX(Reference!$A$6,MIN(Reference!$A$11,MIN(D7,300)))-INDEX(Reference!$A$6:$A$11,MIN(5,MATCH(MAX(Reference!$A$6,MIN(Reference!$A$11,MIN(D7,300))),Reference!$A$6:$A$11,1))))*(INDEX(Reference!$B$6:$B$11,MIN(5,MATCH(MAX(Reference!$A$6,MIN(Reference!$A$11,MIN(D7,300))),Reference!$A$6:$A$11,1))+1)-INDEX(Reference!$B$6:$B$11,MIN(5,MATCH(MAX(Reference!$A$6,MIN(Reference!$A$11,MIN(D7,300))),Reference!$A$6:$A$11,1))))/(INDEX(Reference!$A$6:$A$11,MIN(5,MATCH(MAX(Reference!$A$6,MIN(Reference!$A$11,MIN(D7,300))),Reference!$A$6:$A$11,1))+1)-INDEX(Reference!$A$6:$A$11,MIN(5,MATCH(MAX(Reference!$A$6,MIN(Reference!$A$11,MIN(D7,300))),Reference!$A$6:$A$11,1))))),0))/(AE7*(AE7+5)/2)),(INDEX(Reference!$B$6:$B$11,MIN(5,MATCH(MAX(Reference!$A$6,MIN(Reference!$A$11,D7)),Reference!$A$6:$A$11,1)))+(MAX(Reference!$A$6,MIN(Reference!$A$11,D7))-INDEX(Reference!$A$6:$A$11,MIN(5,MATCH(MAX(Reference!$A$6,MIN(Reference!$A$11,D7)),Reference!$A$6:$A$11,1))))*(INDEX(Reference!$B$6:$B$11,MIN(5,MATCH(MAX(Reference!$A$6,MIN(Reference!$A$11,D7)),Reference!$A$6:$A$11,1))+1)-INDEX(Reference!$B$6:$B$11,MIN(5,MATCH(MAX(Reference!$A$6,MIN(Reference!$A$11,D7)),Reference!$A$6:$A$11,1))))/(INDEX(Reference!$A$6:$A$11,MIN(5,MATCH(MAX(Reference!$A$6,MIN(Reference!$A$11,D7)),Reference!$A$6:$A$11,1))+1)-INDEX(Reference!$A$6:$A$11,MIN(5,MATCH(MAX(Reference!$A$6,MIN(Reference!$A$11,D7)),Reference!$A$6:$A$11,1)))))))) -> 1.7 | P7: =IF(N7="","",VLOOKUP(MAX(N7,0),Reference!$A$17:$B$20,2,TRUE())) -> 1 | Q7: =IF(AG7="","",AG7*IF(AF7="",1,AF7)) -> 95.2 | U7: =IF(S7="","",IF(T7="",S7,AVERAGE(S7,T7))) | V7: =IF(OR(U7="",M7="",M7=0),"",M7-U7) | W7: =IF(V7="","",VLOOKUP(MAX(V7,0),Reference!$A$17:$B$20,2,TRUE())) | AA7: =IF(Y7="","",IF(Z7="",Y7,AVERAGE(Y7,Z7))) | AB7: =IF(OR(AA7="",M7="",M7=0),"",M7-AA7) | AC7: =IF(AB7="","",VLOOKUP(MAX(AB7,0),Reference!$A$17:$B$20,2,TRUE())) | AD7: WORKING IN — compression at 90 ft; radar-gunned so exact count overrides the time estimate | AE7: =IF(AND(C7="Long Toss",N(D7)>90),1+ROUNDUP((D7-90)/30,0),1) -> 1 | AF7: =IF(OR(A7="",B7="",AND(C7<>"Bullpen",C7<>"Game")),"",IF((COUNTIFS($B$5:$B$300,B7,$A$5:$A$300,A7-1,$C$5:$C$300,"Bullpen",$AG$5:$AG$300,">0") + COUNTIFS($B$5:$B$300,B7,$A$5:$A$300,A7-1,$C$5:$C$300,"Game",$AG$5:$AG$300,">0"))>0,Reference!$B$119,IF((COUNTIFS($B$5:$B$300,B7,$A$5:$A$300,A7-2,$C$5:$C$300,"Bullpen",$AG$5:$AG$300,">0") + COUNTIFS($B$5:$B$300,B7,$A$5:$A$300,A7-2,$C$5:$C$300,"Game",$AG$5:$AG$300,">0"))>0,Reference!$B$120,1))) | AG7: =IF(AND(OR(I7="",O7="",P7=""),OR(R7="",W7=""),OR(X7="",AC7="")),"",IF(OR(I7="",O7="",P7=""),0,I7*O7*P7)+IF(OR(R7="",W7=""),0,R7*IFERROR(INDEX(Reference!$B$61:$B$62,MATCH("Bullpen",Reference!$A$61:$A$62,0)),0)*W7)+IF(OR(X7="",AC7=""),0,X7*(INDEX(Reference!$B$6:$B$11,MIN(5,MATCH(MAX(Reference!$A$6,MIN(Reference!$A$11,60)),Reference!$A$6:$A$11,1)))+(MAX(Reference!$A$6,MIN(Reference!$A$11,60))-INDEX(Reference!$A$6:$A$11,MIN(5,MATCH(MAX(Reference!$A$6,MIN(Reference!$A$11,60)),Reference!$A$6:$A$11,1))))*(INDEX(Reference!$B$6:$B$11,MIN(5,MATCH(MAX(Reference!$A$6,MIN(Reference!$A$11,60)),Reference!$A$6:$A$11,1))+1)-INDEX(Reference!$B$6:$B$11,MIN(5,MATCH(MAX(Reference!$A$6,MIN(Reference!$A$11,60)),Reference!$A$6:$A$11,1))))/(INDEX(Reference!$A$6:$A$11,MIN(5,MATCH(MAX(Reference!$A$6,MIN(Reference!$A$11,60)),Reference!$A$6:$A$11,1))+1)-INDEX(Reference!$A$6:$A$11,MIN(5,MATCH(MAX(Reference!$A$6,MIN(Reference!$A$11,60)),Reference!$A$6:$A$11,1)))))*AC7)) -> 95.2
A8: 46268 | B8: Adam Arther | C8: Moderate | D8: 120 | E8: 0.072916667 | F8: 0.086805556 | G8: =IF(OR(E8="",F8=""),"",(F8-E8)*1440) -> 20 | I8: =IF(H8<>"",H8,IF(G8="","",ROUND(G8*IFERROR(INDEX(Reference!$B$44:$B$50,MATCH(C8,Reference!$A$44:$A$50,0)),0),0))) -> 80 | J8: 75 | K8: 84 | L8: =IF(J8="","",IF(K8="",J8,AVERAGE(J8,K8))) -> 79.5 | M8: =IFERROR(INDEX(Roster!$D$5:$D$40,MATCH(B8,Roster!$A$5:$A$40,0)),"") -> 87.9 | N8: =IF(OR(L8="",M8="",M8=0),"",M8-L8) -> 8.4 | O8: =IF(OR(C8="Bullpen",C8="Game"),IFERROR(INDEX(Reference!$B$61:$B$62,MATCH(C8,Reference!$A$61:$A$62,0)),""),IF(D8="","",IF(AE8>1,((IF(1<=AE8,(AE8-1+3)*(INDEX(Reference!$B$6:$B$11,MIN(5,MATCH(MAX(Reference!$A$6,MIN(Reference!$A$11,MIN(D8,90))),Reference!$A$6:$A$11,1)))+(MAX(Reference!$A$6,MIN(Reference!$A$11,MIN(D8,90)))-INDEX(Reference!$A$6:$A$11,MIN(5,MATCH(MAX(Reference!$A$6,MIN(Reference!$A$11,MIN(D8,90))),Reference!$A$6:$A$11,1))))*(INDEX(Reference!$B$6:$B$11,MIN(5,MATCH(MAX(Reference!$A$6,MIN(Reference!$A$11,MIN(D8,90))),Reference!$A$6:$A$11,1))+1)-INDEX(Reference!$B$6:$B$11,MIN(5,MATCH(MAX(Reference!$A$6,MIN(Reference!$A$11,MIN(D8,90))),Reference!$A$6:$A$11,1))))/(INDEX(Reference!$A$6:$A$11,MIN(5,MATCH(MAX(Reference!$A$6,MIN(Reference!$A$11,MIN(D8,90))),Reference!$A$6:$A$11,1))+1)-INDEX(Reference!$A$6:$A$11,MIN(5,MATCH(MAX(Reference!$A$6,MIN(Reference!$A$11,MIN(D8,90))),Reference!$A$6:$A$11,1))))),0)+IF(2<=AE8,(AE8-2+3)*(INDEX(Reference!$B$6:$B$11,MIN(5,MATCH(MAX(Reference!$A$6,MIN(Reference!$A$11,MIN(D8,120))),Reference!$A$6:$A$11,1)))+(MAX(Reference!$A$6,MIN(Reference!$A$11,MIN(D8,120)))-INDEX(Reference!$A$6:$A$11,MIN(5,MATCH(MAX(Reference!$A$6,MIN(Reference!$A$11,MIN(D8,120))),Reference!$A$6:$A$11,1))))*(INDEX(Reference!$B$6:$B$11,MIN(5,MATCH(MAX(Reference!$A$6,MIN(Reference!$A$11,MIN(D8,120))),Reference!$A$6:$A$11,1))+1)-INDEX(Reference!$B$6:$B$11,MIN(5,MATCH(MAX(Reference!$A$6,MIN(Reference!$A$11,MIN(D8,120))),Reference!$A$6:$A$11,1))))/(INDEX(Reference!$A$6:$A$11,MIN(5,MATCH(MAX(Reference!$A$6,MIN(Reference!$A$11,MIN(D8,120))),Reference!$A$6:$A$11,1))+1)-INDEX(Reference!$A$6:$A$11,MIN(5,MATCH(MAX(Reference!$A$6,MIN(Reference!$A$11,MIN(D8,120))),Reference!$A$6:$A$11,1))))),0)+IF(3<=AE8,(AE8-3+3)*(INDEX(Reference!$B$6:$B$11,MIN(5,MATCH(MAX(Reference!$A$6,MIN(Reference!$A$11,MIN(D8,150))),Reference!$A$6:$A$11,1)))+(MAX(Reference!$A$6,MIN(Reference!$A$11,MIN(D8,150)))-INDEX(Reference!$A$6:$A$11,MIN(5,MATCH(MAX(Reference!$A$6,MIN(Reference!$A$11,MIN(D8,150))),Reference!$A$6:$A$11,1))))*(INDEX(Reference!$B$6:$B$11,MIN(5,MATCH(MAX(Reference!$A$6,MIN(Reference!$A$11,MIN(D8,150))),Reference!$A$6:$A$11,1))+1)-INDEX(Reference!$B$6:$B$11,MIN(5,MATCH(MAX(Reference!$A$6,MIN(Reference!$A$11,MIN(D8,150))),Reference!$A$6:$A$11,1))))/(INDEX(Reference!$A$6:$A$11,MIN(5,MATCH(MAX(Reference!$A$6,MIN(Reference!$A$11,MIN(D8,150))),Reference!$A$6:$A$11,1))+1)-INDEX(Reference!$A$6:$A$11,MIN(5,MATCH(MAX(Reference!$A$6,MIN(Reference!$A$11,MIN(D8,150))),Reference!$A$6:$A$11,1))))),0)+IF(4<=AE8,(AE8-4+3)*(INDEX(Reference!$B$6:$B$11,MIN(5,MATCH(MAX(Reference!$A$6,MIN(Reference!$A$11,MIN(D8,180))),Reference!$A$6:$A$11,1)))+(MAX(Reference!$A$6,MIN(Reference!$A$11,MIN(D8,180)))-INDEX(Reference!$A$6:$A$11,MIN(5,MATCH(MAX(Reference!$A$6,MIN(Reference!$A$11,MIN(D8,180))),Reference!$A$6:$A$11,1))))*(INDEX(Reference!$B$6:$B$11,MIN(5,MATCH(MAX(Reference!$A$6,MIN(Reference!$A$11,MIN(D8,180))),Reference!$A$6:$A$11,1))+1)-INDEX(Reference!$B$6:$B$11,MIN(5,MATCH(MAX(Reference!$A$6,MIN(Reference!$A$11,MIN(D8,180))),Reference!$A$6:$A$11,1))))/(INDEX(Reference!$A$6:$A$11,MIN(5,MATCH(MAX(Reference!$A$6,MIN(Reference!$A$11,MIN(D8,180))),Reference!$A$6:$A$11,1))+1)-INDEX(Reference!$A$6:$A$11,MIN(5,MATCH(MAX(Reference!$A$6,MIN(Reference!$A$11,MIN(D8,180))),Reference!$A$6:$A$11,1))))),0)+IF(5<=AE8,(AE8-5+3)*(INDEX(Reference!$B$6:$B$11,MIN(5,MATCH(MAX(Reference!$A$6,MIN(Reference!$A$11,MIN(D8,210))),Reference!$A$6:$A$11,1)))+(MAX(Reference!$A$6,MIN(Reference!$A$11,MIN(D8,210)))-INDEX(Reference!$A$6:$A$11,MIN(5,MATCH(MAX(Reference!$A$6,MIN(Reference!$A$11,MIN(D8,210))),Reference!$A$6:$A$11,1))))*(INDEX(Reference!$B$6:$B$11,MIN(5,MATCH(MAX(Reference!$A$6,MIN(Reference!$A$11,MIN(D8,210))),Reference!$A$6:$A$11,1))+1)-INDEX(Reference!$B$6:$B$11,MIN(5,MATCH(MAX(Reference!$A$6,MIN(Reference!$A$11,MIN(D8,210))),Reference!$A$6:$A$11,1))))/(INDEX(Reference!$A$6:$A$11,MIN(5,MATCH(MAX(Reference!$A$6,MIN(Reference!$A$11,MIN(D8,210))),Reference!$A$6:$A$11,1))+1)-INDEX(Reference!$A$6:$A$11,MIN(5,MATCH(MAX(Reference!$A$6,MIN(Reference!$A$11,MIN(D8,210))),Reference!$A$6:$A$11,1))))),0)+IF(6<=AE8,(AE8-6+3)*(INDEX(Reference!$B$6:$B$11,MIN(5,MATCH(MAX(Reference!$A$6,MIN(Reference!$A$11,MIN(D8,240))),Reference!$A$6:$A$11,1)))+(MAX(Reference!$A$6,MIN(Reference!$A$11,MIN(D8,240)))-INDEX(Reference!$A$6:$A$11,MIN(5,MATCH(MAX(Reference!$A$6,MIN(Reference!$A$11,MIN(D8,240))),Reference!$A$6:$A$11,1))))*(INDEX(Reference!$B$6:$B$11,MIN(5,MATCH(MAX(Reference!$A$6,MIN(Reference!$A$11,MIN(D8,240))),Reference!$A$6:$A$11,1))+1)-INDEX(Reference!$B$6:$B$11,MIN(5,MATCH(MAX(Reference!$A$6,MIN(Reference!$A$11,MIN(D8,240))),Reference!$A$6:$A$11,1))))/(INDEX(Reference!$A$6:$A$11,MIN(5,MATCH(MAX(Reference!$A$6,MIN(Reference!$A$11,MIN(D8,240))),Reference!$A$6:$A$11,1))+1)-INDEX(Reference!$A$6:$A$11,MIN(5,MATCH(MAX(Reference!$A$6,MIN(Reference!$A$11,MIN(D8,240))),Reference!$A$6:$A$11,1))))),0)+IF(7<=AE8,(AE8-7+3)*(INDEX(Reference!$B$6:$B$11,MIN(5,MATCH(MAX(Reference!$A$6,MIN(Reference!$A$11,MIN(D8,270))),Reference!$A$6:$A$11,1)))+(MAX(Reference!$A$6,MIN(Reference!$A$11,MIN(D8,270)))-INDEX(Reference!$A$6:$A$11,MIN(5,MATCH(MAX(Reference!$A$6,MIN(Reference!$A$11,MIN(D8,270))),Reference!$A$6:$A$11,1))))*(INDEX(Reference!$B$6:$B$11,MIN(5,MATCH(MAX(Reference!$A$6,MIN(Reference!$A$11,MIN(D8,270))),Reference!$A$6:$A$11,1))+1)-INDEX(Reference!$B$6:$B$11,MIN(5,MATCH(MAX(Reference!$A$6,MIN(Reference!$A$11,MIN(D8,270))),Reference!$A$6:$A$11,1))))/(INDEX(Reference!$A$6:$A$11,MIN(5,MATCH(MAX(Reference!$A$6,MIN(Reference!$A$11,MIN(D8,270))),Reference!$A$6:$A$11,1))+1)-INDEX(Reference!$A$6:$A$11,MIN(5,MATCH(MAX(Reference!$A$6,MIN(Reference!$A$11,MIN(D8,270))),Reference!$A$6:$A$11,1))))),0)+IF(8<=AE8,(AE8-8+3)*(INDEX(Reference!$B$6:$B$11,MIN(5,MATCH(MAX(Reference!$A$6,MIN(Reference!$A$11,MIN(D8,300))),Reference!$A$6:$A$11,1)))+(MAX(Reference!$A$6,MIN(Reference!$A$11,MIN(D8,300)))-INDEX(Reference!$A$6:$A$11,MIN(5,MATCH(MAX(Reference!$A$6,MIN(Reference!$A$11,MIN(D8,300))),Reference!$A$6:$A$11,1))))*(INDEX(Reference!$B$6:$B$11,MIN(5,MATCH(MAX(Reference!$A$6,MIN(Reference!$A$11,MIN(D8,300))),Reference!$A$6:$A$11,1))+1)-INDEX(Reference!$B$6:$B$11,MIN(5,MATCH(MAX(Reference!$A$6,MIN(Reference!$A$11,MIN(D8,300))),Reference!$A$6:$A$11,1))))/(INDEX(Reference!$A$6:$A$11,MIN(5,MATCH(MAX(Reference!$A$6,MIN(Reference!$A$11,MIN(D8,300))),Reference!$A$6:$A$11,1))+1)-INDEX(Reference!$A$6:$A$11,MIN(5,MATCH(MAX(Reference!$A$6,MIN(Reference!$A$11,MIN(D8,300))),Reference!$A$6:$A$11,1))))),0))/(AE8*(AE8+5)/2)),(INDEX(Reference!$B$6:$B$11,MIN(5,MATCH(MAX(Reference!$A$6,MIN(Reference!$A$11,D8)),Reference!$A$6:$A$11,1)))+(MAX(Reference!$A$6,MIN(Reference!$A$11,D8))-INDEX(Reference!$A$6:$A$11,MIN(5,MATCH(MAX(Reference!$A$6,MIN(Reference!$A$11,D8)),Reference!$A$6:$A$11,1))))*(INDEX(Reference!$B$6:$B$11,MIN(5,MATCH(MAX(Reference!$A$6,MIN(Reference!$A$11,D8)),Reference!$A$6:$A$11,1))+1)-INDEX(Reference!$B$6:$B$11,MIN(5,MATCH(MAX(Reference!$A$6,MIN(Reference!$A$11,D8)),Reference!$A$6:$A$11,1))))/(INDEX(Reference!$A$6:$A$11,MIN(5,MATCH(MAX(Reference!$A$6,MIN(Reference!$A$11,D8)),Reference!$A$6:$A$11,1))+1)-INDEX(Reference!$A$6:$A$11,MIN(5,MATCH(MAX(Reference!$A$6,MIN(Reference!$A$11,D8)),Reference!$A$6:$A$11,1)))))))) -> 1.7 | P8: =IF(N8="","",VLOOKUP(MAX(N8,0),Reference!$A$17:$B$20,2,TRUE())) -> 1 | Q8: =IF(AG8="","",AG8*IF(AF8="",1,AF8)) -> 136 | U8: =IF(S8="","",IF(T8="",S8,AVERAGE(S8,T8))) | V8: =IF(OR(U8="",M8="",M8=0),"",M8-U8) | W8: =IF(V8="","",VLOOKUP(MAX(V8,0),Reference!$A$17:$B$20,2,TRUE())) | AA8: =IF(Y8="","",IF(Z8="",Y8,AVERAGE(Y8,Z8))) | AB8: =IF(OR(AA8="",M8="",M8=0),"",M8-AA8) | AC8: =IF(AB8="","",VLOOKUP(MAX(AB8,0),Reference!$A$17:$B$20,2,TRUE())) | AD8: Rehab example: exact count, no time logged | AE8: =IF(AND(C8="Long Toss",N(D8)>90),1+ROUNDUP((D8-90)/30,0),1) -> 1 | AF8: =IF(OR(A8="",B8="",AND(C8<>"Bullpen",C8<>"Game")),"",IF((COUNTIFS($B$5:$B$300,B8,$A$5:$A$300,A8-1,$C$5:$C$300,"Bullpen",$AG$5:$AG$300,">0") + COUNTIFS($B$5:$B$300,B8,$A$5:$A$300,A8-1,$C$5:$C$300,"Game",$AG$5:$AG$300,">0"))>0,Reference!$B$119,IF((COUNTIFS($B$5:$B$300,B8,$A$5:$A$300,A8-2,$C$5:$C$300,"Bullpen",$AG$5:$AG$300,">0") + COUNTIFS($B$5:$B$300,B8,$A$5:$A$300,A8-2,$C$5:$C$300,"Game",$AG$5:$AG$300,">0"))>0,Reference!$B$120,1))) | AG8: =IF(AND(OR(I8="",O8="",P8=""),OR(R8="",W8=""),OR(X8="",AC8="")),"",IF(OR(I8="",O8="",P8=""),0,I8*O8*P8)+IF(OR(R8="",W8=""),0,R8*IFERROR(INDEX(Reference!$B$61:$B$62,MATCH("Bullpen",Reference!$A$61:$A$62,0)),0)*W8)+IF(OR(X8="",AC8=""),0,X8*(INDEX(Reference!$B$6:$B$11,MIN(5,MATCH(MAX(Reference!$A$6,MIN(Reference!$A$11,60)),Reference!$A$6:$A$11,1)))+(MAX(Reference!$A$6,MIN(Reference!$A$11,60))-INDEX(Reference!$A$6:$A$11,MIN(5,MATCH(MAX(Reference!$A$6,MIN(Reference!$A$11,60)),Reference!$A$6:$A$11,1))))*(INDEX(Reference!$B$6:$B$11,MIN(5,MATCH(MAX(Reference!$A$6,MIN(Reference!$A$11,60)),Reference!$A$6:$A$11,1))+1)-INDEX(Reference!$B$6:$B$11,MIN(5,MATCH(MAX(Reference!$A$6,MIN(Reference!$A$11,60)),Reference!$A$6:$A$11,1))))/(INDEX(Reference!$A$6:$A$11,MIN(5,MATCH(MAX(Reference!$A$6,MIN(Reference!$A$11,60)),Reference!$A$6:$A$11,1))+1)-INDEX(Reference!$A$6:$A$11,MIN(5,MATCH(MAX(Reference!$A$6,MIN(Reference!$A$11,60)),Reference!$A$6:$A$11,1)))))*AC8)) -> 136
A9: 46269 | B9: Adam Arther | C9: No Throw | D9: 0 | G9: =IF(OR(E9="",F9=""),"",(F9-E9)*1440) | I9: =IF(H9<>"",H9,IF(G9="","",ROUND(G9*IFERROR(INDEX(Reference!$B$44:$B$50,MATCH(C9,Reference!$A$44:$A$50,0)),0),0))) | L9: =IF(J9="","",IF(K9="",J9,AVERAGE(J9,K9))) | M9: =IFERROR(INDEX(Roster!$D$5:$D$40,MATCH(B9,Roster!$A$5:$A$40,0)),"") -> 87.9 | N9: =IF(OR(L9="",M9="",M9=0),"",M9-L9) | O9: =IF(OR(C9="Bullpen",C9="Game"),IFERROR(INDEX(Reference!$B$61:$B$62,MATCH(C9,Reference!$A$61:$A$62,0)),""),IF(D9="","",IF(AE9>1,((IF(1<=AE9,(AE9-1+3)*(INDEX(Reference!$B$6:$B$11,MIN(5,MATCH(MAX(Reference!$A$6,MIN(Reference!$A$11,MIN(D9,90))),Reference!$A$6:$A$11,1)))+(MAX(Reference!$A$6,MIN(Reference!$A$11,MIN(D9,90)))-INDEX(Reference!$A$6:$A$11,MIN(5,MATCH(MAX(Reference!$A$6,MIN(Reference!$A$11,MIN(D9,90))),Reference!$A$6:$A$11,1))))*(INDEX(Reference!$B$6:$B$11,MIN(5,MATCH(MAX(Reference!$A$6,MIN(Reference!$A$11,MIN(D9,90))),Reference!$A$6:$A$11,1))+1)-INDEX(Reference!$B$6:$B$11,MIN(5,MATCH(MAX(Reference!$A$6,MIN(Reference!$A$11,MIN(D9,90))),Reference!$A$6:$A$11,1))))/(INDEX(Reference!$A$6:$A$11,MIN(5,MATCH(MAX(Reference!$A$6,MIN(Reference!$A$11,MIN(D9,90))),Reference!$A$6:$A$11,1))+1)-INDEX(Reference!$A$6:$A$11,MIN(5,MATCH(MAX(Reference!$A$6,MIN(Reference!$A$11,MIN(D9,90))),Reference!$A$6:$A$11,1))))),0)+IF(2<=AE9,(AE9-2+3)*(INDEX(Reference!$B$6:$B$11,MIN(5,MATCH(MAX(Reference!$A$6,MIN(Reference!$A$11,MIN(D9,120))),Reference!$A$6:$A$11,1)))+(MAX(Reference!$A$6,MIN(Reference!$A$11,MIN(D9,120)))-INDEX(Reference!$A$6:$A$11,MIN(5,MATCH(MAX(Reference!$A$6,MIN(Reference!$A$11,MIN(D9,120))),Reference!$A$6:$A$11,1))))*(INDEX(Reference!$B$6:$B$11,MIN(5,MATCH(MAX(Reference!$A$6,MIN(Reference!$A$11,MIN(D9,120))),Reference!$A$6:$A$11,1))+1)-INDEX(Reference!$B$6:$B$11,MIN(5,MATCH(MAX(Reference!$A$6,MIN(Reference!$A$11,MIN(D9,120))),Reference!$A$6:$A$11,1))))/(INDEX(Reference!$A$6:$A$11,MIN(5,MATCH(MAX(Reference!$A$6,MIN(Reference!$A$11,MIN(D9,120))),Reference!$A$6:$A$11,1))+1)-INDEX(Reference!$A$6:$A$11,MIN(5,MATCH(MAX(Reference!$A$6,MIN(Reference!$A$11,MIN(D9,120))),Reference!$A$6:$A$11,1))))),0)+IF(3<=AE9,(AE9-3+3)*(INDEX(Reference!$B$6:$B$11,MIN(5,MATCH(MAX(Reference!$A$6,MIN(Reference!$A$11,MIN(D9,150))),Reference!$A$6:$A$11,1)))+(MAX(Reference!$A$6,MIN(Reference!$A$11,MIN(D9,150)))-INDEX(Reference!$A$6:$A$11,MIN(5,MATCH(MAX(Reference!$A$6,MIN(Reference!$A$11,MIN(D9,150))),Reference!$A$6:$A$11,1))))*(INDEX(Reference!$B$6:$B$11,MIN(5,MATCH(MAX(Reference!$A$6,MIN(Reference!$A$11,MIN(D9,150))),Reference!$A$6:$A$11,1))+1)-INDEX(Reference!$B$6:$B$11,MIN(5,MATCH(MAX(Reference!$A$6,MIN(Reference!$A$11,MIN(D9,150))),Reference!$A$6:$A$11,1))))/(INDEX(Reference!$A$6:$A$11,MIN(5,MATCH(MAX(Reference!$A$6,MIN(Reference!$A$11,MIN(D9,150))),Reference!$A$6:$A$11,1))+1)-INDEX(Reference!$A$6:$A$11,MIN(5,MATCH(MAX(Reference!$A$6,MIN(Reference!$A$11,MIN(D9,150))),Reference!$A$6:$A$11,1))))),0)+IF(4<=AE9,(AE9-4+3)*(INDEX(Reference!$B$6:$B$11,MIN(5,MATCH(MAX(Reference!$A$6,MIN(Reference!$A$11,MIN(D9,180))),Reference!$A$6:$A$11,1)))+(MAX(Reference!$A$6,MIN(Reference!$A$11,MIN(D9,180)))-INDEX(Reference!$A$6:$A$11,MIN(5,MATCH(MAX(Reference!$A$6,MIN(Reference!$A$11,MIN(D9,180))),Reference!$A$6:$A$11,1))))*(INDEX(Reference!$B$6:$B$11,MIN(5,MATCH(MAX(Reference!$A$6,MIN(Reference!$A$11,MIN(D9,180))),Reference!$A$6:$A$11,1))+1)-INDEX(Reference!$B$6:$B$11,MIN(5,MATCH(MAX(Reference!$A$6,MIN(Reference!$A$11,MIN(D9,180))),Reference!$A$6:$A$11,1))))/(INDEX(Reference!$A$6:$A$11,MIN(5,MATCH(MAX(Reference!$A$6,MIN(Reference!$A$11,MIN(D9,180))),Reference!$A$6:$A$11,1))+1)-INDEX(Reference!$A$6:$A$11,MIN(5,MATCH(MAX(Reference!$A$6,MIN(Reference!$A$11,MIN(D9,180))),Reference!$A$6:$A$11,1))))),0)+IF(5<=AE9,(AE9-5+3)*(INDEX(Reference!$B$6:$B$11,MIN(5,MATCH(MAX(Reference!$A$6,MIN(Reference!$A$11,MIN(D9,210))),Reference!$A$6:$A$11,1)))+(MAX(Reference!$A$6,MIN(Reference!$A$11,MIN(D9,210)))-INDEX(Reference!$A$6:$A$11,MIN(5,MATCH(MAX(Reference!$A$6,MIN(Reference!$A$11,MIN(D9,210))),Reference!$A$6:$A$11,1))))*(INDEX(Reference!$B$6:$B$11,MIN(5,MATCH(MAX(Reference!$A$6,MIN(Reference!$A$11,MIN(D9,210))),Reference!$A$6:$A$11,1))+1)-INDEX(Reference!$B$6:$B$11,MIN(5,MATCH(MAX(Reference!$A$6,MIN(Reference!$A$11,MIN(D9,210))),Reference!$A$6:$A$11,1))))/(INDEX(Reference!$A$6:$A$11,MIN(5,MATCH(MAX(Reference!$A$6,MIN(Reference!$A$11,MIN(D9,210))),Reference!$A$6:$A$11,1))+1)-INDEX(Reference!$A$6:$A$11,MIN(5,MATCH(MAX(Reference!$A$6,MIN(Reference!$A$11,MIN(D9,210))),Reference!$A$6:$A$11,1))))),0)+IF(6<=AE9,(AE9-6+3)*(INDEX(Reference!$B$6:$B$11,MIN(5,MATCH(MAX(Reference!$A$6,MIN(Reference!$A$11,MIN(D9,240))),Reference!$A$6:$A$11,1)))+(MAX(Reference!$A$6,MIN(Reference!$A$11,MIN(D9,240)))-INDEX(Reference!$A$6:$A$11,MIN(5,MATCH(MAX(Reference!$A$6,MIN(Reference!$A$11,MIN(D9,240))),Reference!$A$6:$A$11,1))))*(INDEX(Reference!$B$6:$B$11,MIN(5,MATCH(MAX(Reference!$A$6,MIN(Reference!$A$11,MIN(D9,240))),Reference!$A$6:$A$11,1))+1)-INDEX(Reference!$B$6:$B$11,MIN(5,MATCH(MAX(Reference!$A$6,MIN(Reference!$A$11,MIN(D9,240))),Reference!$A$6:$A$11,1))))/(INDEX(Reference!$A$6:$A$11,MIN(5,MATCH(MAX(Reference!$A$6,MIN(Reference!$A$11,MIN(D9,240))),Reference!$A$6:$A$11,1))+1)-INDEX(Reference!$A$6:$A$11,MIN(5,MATCH(MAX(Reference!$A$6,MIN(Reference!$A$11,MIN(D9,240))),Reference!$A$6:$A$11,1))))),0)+IF(7<=AE9,(AE9-7+3)*(INDEX(Reference!$B$6:$B$11,MIN(5,MATCH(MAX(Reference!$A$6,MIN(Reference!$A$11,MIN(D9,270))),Reference!$A$6:$A$11,1)))+(MAX(Reference!$A$6,MIN(Reference!$A$11,MIN(D9,270)))-INDEX(Reference!$A$6:$A$11,MIN(5,MATCH(MAX(Reference!$A$6,MIN(Reference!$A$11,MIN(D9,270))),Reference!$A$6:$A$11,1))))*(INDEX(Reference!$B$6:$B$11,MIN(5,MATCH(MAX(Reference!$A$6,MIN(Reference!$A$11,MIN(D9,270))),Reference!$A$6:$A$11,1))+1)-INDEX(Reference!$B$6:$B$11,MIN(5,MATCH(MAX(Reference!$A$6,MIN(Reference!$A$11,MIN(D9,270))),Reference!$A$6:$A$11,1))))/(INDEX(Reference!$A$6:$A$11,MIN(5,MATCH(MAX(Reference!$A$6,MIN(Reference!$A$11,MIN(D9,270))),Reference!$A$6:$A$11,1))+1)-INDEX(Reference!$A$6:$A$11,MIN(5,MATCH(MAX(Reference!$A$6,MIN(Reference!$A$11,MIN(D9,270))),Reference!$A$6:$A$11,1))))),0)+IF(8<=AE9,(AE9-8+3)*(INDEX(Reference!$B$6:$B$11,MIN(5,MATCH(MAX(Reference!$A$6,MIN(Reference!$A$11,MIN(D9,300))),Reference!$A$6:$A$11,1)))+(MAX(Reference!$A$6,MIN(Reference!$A$11,MIN(D9,300)))-INDEX(Reference!$A$6:$A$11,MIN(5,MATCH(MAX(Reference!$A$6,MIN(Reference!$A$11,MIN(D9,300))),Reference!$A$6:$A$11,1))))*(INDEX(Reference!$B$6:$B$11,MIN(5,MATCH(MAX(Reference!$A$6,MIN(Reference!$A$11,MIN(D9,300))),Reference!$A$6:$A$11,1))+1)-INDEX(Reference!$B$6:$B$11,MIN(5,MATCH(MAX(Reference!$A$6,MIN(Reference!$A$11,MIN(D9,300))),Reference!$A$6:$A$11,1))))/(INDEX(Reference!$A$6:$A$11,MIN(5,MATCH(MAX(Reference!$A$6,MIN(Reference!$A$11,MIN(D9,300))),Reference!$A$6:$A$11,1))+1)-INDEX(Reference!$A$6:$A$11,MIN(5,MATCH(MAX(Reference!$A$6,MIN(Reference!$A$11,MIN(D9,300))),Reference!$A$6:$A$11,1))))),0))/(AE9*(AE9+5)/2)),(INDEX(Reference!$B$6:$B$11,MIN(5,MATCH(MAX(Reference!$A$6,MIN(Reference!$A$11,D9)),Reference!$A$6:$A$11,1)))+(MAX(Reference!$A$6,MIN(Reference!$A$11,D9))-INDEX(Reference!$A$6:$A$11,MIN(5,MATCH(MAX(Reference!$A$6,MIN(Reference!$A$11,D9)),Reference!$A$6:$A$11,1))))*(INDEX(Reference!$B$6:$B$11,MIN(5,MATCH(MAX(Reference!$A$6,MIN(Reference!$A$11,D9)),Reference!$A$6:$A$11,1))+1)-INDEX(Reference!$B$6:$B$11,MIN(5,MATCH(MAX(Reference!$A$6,MIN(Reference!$A$11,D9)),Reference!$A$6:$A$11,1))))/(INDEX(Reference!$A$6:$A$11,MIN(5,MATCH(MAX(Reference!$A$6,MIN(Reference!$A$11,D9)),Reference!$A$6:$A$11,1))+1)-INDEX(Reference!$A$6:$A$11,MIN(5,MATCH(MAX(Reference!$A$6,MIN(Reference!$A$11,D9)),Reference!$A$6:$A$11,1)))))))) -> 1 | P9: =IF(N9="","",VLOOKUP(MAX(N9,0),Reference!$A$17:$B$20,2,TRUE())) | Q9: =IF(AG9="","",AG9*IF(AF9="",1,AF9)) | U9: =IF(S9="","",IF(T9="",S9,AVERAGE(S9,T9))) | V9: =IF(OR(U9="",M9="",M9=0),"",M9-U9) | W9: =IF(V9="","",VLOOKUP(MAX(V9,0),Reference!$A$17:$B$20,2,TRUE())) | AA9: =IF(Y9="","",IF(Z9="",Y9,AVERAGE(Y9,Z9))) | AB9: =IF(OR(AA9="",M9="",M9=0),"",M9-AA9) | AC9: =IF(AB9="","",VLOOKUP(MAX(AB9,0),Reference!$A$17:$B$20,2,TRUE())) | AD9: 25 pitches off the mound — Distance left blank; Mound Factor is used automatically | AE9: =IF(AND(C9="Long Toss",N(D9)>90),1+ROUNDUP((D9-90)/30,0),1) -> 1 | AF9: =IF(OR(A9="",B9="",AND(C9<>"Bullpen",C9<>"Game")),"",IF((COUNTIFS($B$5:$B$300,B9,$A$5:$A$300,A9-1,$C$5:$C$300,"Bullpen",$AG$5:$AG$300,">0") + COUNTIFS($B$5:$B$300,B9,$A$5:$A$300,A9-1,$C$5:$C$300,"Game",$AG$5:$AG$300,">0"))>0,Reference!$B$119,IF((COUNTIFS($B$5:$B$300,B9,$A$5:$A$300,A9-2,$C$5:$C$300,"Bullpen",$AG$5:$AG$300,">0") + COUNTIFS($B$5:$B$300,B9,$A$5:$A$300,A9-2,$C$5:$C$300,"Game",$AG$5:$AG$300,">0"))>0,Reference!$B$120,1))) | AG9: =IF(AND(OR(I9="",O9="",P9=""),OR(R9="",W9=""),OR(X9="",AC9="")),"",IF(OR(I9="",O9="",P9=""),0,I9*O9*P9)+IF(OR(R9="",W9=""),0,R9*IFERROR(INDEX(Reference!$B$61:$B$62,MATCH("Bullpen",Reference!$A$61:$A$62,0)),0)*W9)+IF(OR(X9="",AC9=""),0,X9*(INDEX(Reference!$B$6:$B$11,MIN(5,MATCH(MAX(Reference!$A$6,MIN(Reference!$A$11,60)),Reference!$A$6:$A$11,1)))+(MAX(Reference!$A$6,MIN(Reference!$A$11,60))-INDEX(Reference!$A$6:$A$11,MIN(5,MATCH(MAX(Reference!$A$6,MIN(Reference!$A$11,60)),Reference!$A$6:$A$11,1))))*(INDEX(Reference!$B$6:$B$11,MIN(5,MATCH(MAX(Reference!$A$6,MIN(Reference!$A$11,60)),Reference!$A$6:$A$11,1))+1)-INDEX(Reference!$B$6:$B$11,MIN(5,MATCH(MAX(Reference!$A$6,MIN(Reference!$A$11,60)),Reference!$A$6:$A$11,1))))/(INDEX(Reference!$A$6:$A$11,MIN(5,MATCH(MAX(Reference!$A$6,MIN(Reference!$A$11,60)),Reference!$A$6:$A$11,1))+1)-INDEX(Reference!$A$6:$A$11,MIN(5,MATCH(MAX(Reference!$A$6,MIN(Reference!$A$11,60)),Reference!$A$6:$A$11,1)))))*AC9))
A10: 46270 | B10: Adam Arther | C10: No Throw | D10: 0 | G10: =IF(OR(E10="",F10=""),"",(F10-E10)*1440) | I10: =IF(H10<>"",H10,IF(G10="","",ROUND(G10*IFERROR(INDEX(Reference!$B$44:$B$50,MATCH(C10,Reference!$A$44:$A$50,0)),0),0))) | L10: =IF(J10="","",IF(K10="",J10,AVERAGE(J10,K10))) | M10: =IFERROR(INDEX(Roster!$D$5:$D$40,MATCH(B10,Roster!$A$5:$A$40,0)),"") -> 87.9 | N10: =IF(OR(L10="",M10="",M10=0),"",M10-L10) | O10: =IF(OR(C10="Bullpen",C10="Game"),IFERROR(INDEX(Reference!$B$61:$B$62,MATCH(C10,Reference!$A$61:$A$62,0)),""),IF(D10="","",IF(AE10>1,((IF(1<=AE10,(AE10-1+3)*(INDEX(Reference!$B$6:$B$11,MIN(5,MATCH(MAX(Reference!$A$6,MIN(Reference!$A$11,MIN(D10,90))),Reference!$A$6:$A$11,1)))+(MAX(Reference!$A$6,MIN(Reference!$A$11,MIN(D10,90)))-INDEX(Reference!$A$6:$A$11,MIN(5,MATCH(MAX(Reference!$A$6,MIN(Reference!$A$11,MIN(D10,90))),Reference!$A$6:$A$11,1))))*(INDEX(Reference!$B$6:$B$11,MIN(5,MATCH(MAX(Reference!$A$6,MIN(Reference!$A$11,MIN(D10,90))),Reference!$A$6:$A$11,1))+1)-INDEX(Reference!$B$6:$B$11,MIN(5,MATCH(MAX(Reference!$A$6,MIN(Reference!$A$11,MIN(D10,90))),Reference!$A$6:$A$11,1))))/(INDEX(Reference!$A$6:$A$11,MIN(5,MATCH(MAX(Reference!$A$6,MIN(Reference!$A$11,MIN(D10,90))),Reference!$A$6:$A$11,1))+1)-INDEX(Reference!$A$6:$A$11,MIN(5,MATCH(MAX(Reference!$A$6,MIN(Reference!$A$11,MIN(D10,90))),Reference!$A$6:$A$11,1))))),0)+IF(2<=AE10,(AE10-2+3)*(INDEX(Reference!$B$6:$B$11,MIN(5,MATCH(MAX(Reference!$A$6,MIN(Reference!$A$11,MIN(D10,120))),Reference!$A$6:$A$11,1)))+(MAX(Reference!$A$6,MIN(Reference!$A$11,MIN(D10,120)))-INDEX(Reference!$A$6:$A$11,MIN(5,MATCH(MAX(Reference!$A$6,MIN(Reference!$A$11,MIN(D10,120))),Reference!$A$6:$A$11,1))))*(INDEX(Reference!$B$6:$B$11,MIN(5,MATCH(MAX(Reference!$A$6,MIN(Reference!$A$11,MIN(D10,120))),Reference!$A$6:$A$11,1))+1)-INDEX(Reference!$B$6:$B$11,MIN(5,MATCH(MAX(Reference!$A$6,MIN(Reference!$A$11,MIN(D10,120))),Reference!$A$6:$A$11,1))))/(INDEX(Reference!$A$6:$A$11,MIN(5,MATCH(MAX(Reference!$A$6,MIN(Reference!$A$11,MIN(D10,120))),Reference!$A$6:$A$11,1))+1)-INDEX(Reference!$A$6:$A$11,MIN(5,MATCH(MAX(Reference!$A$6,MIN(Reference!$A$11,MIN(D10,120))),Reference!$A$6:$A$11,1))))),0)+IF(3<=AE10,(AE10-3+3)*(INDEX(Reference!$B$6:$B$11,MIN(5,MATCH(MAX(Reference!$A$6,MIN(Reference!$A$11,MIN(D10,150))),Reference!$A$6:$A$11,1)))+(MAX(Reference!$A$6,MIN(Reference!$A$11,MIN(D10,150)))-INDEX(Reference!$A$6:$A$11,MIN(5,MATCH(MAX(Reference!$A$6,MIN(Reference!$A$11,MIN(D10,150))),Reference!$A$6:$A$11,1))))*(INDEX(Reference!$B$6:$B$11,MIN(5,MATCH(MAX(Reference!$A$6,MIN(Reference!$A$11,MIN(D10,150))),Reference!$A$6:$A$11,1))+1)-INDEX(Reference!$B$6:$B$11,MIN(5,MATCH(MAX(Reference!$A$6,MIN(Reference!$A$11,MIN(D10,150))),Reference!$A$6:$A$11,1))))/(INDEX(Reference!$A$6:$A$11,MIN(5,MATCH(MAX(Reference!$A$6,MIN(Reference!$A$11,MIN(D10,150))),Reference!$A$6:$A$11,1))+1)-INDEX(Reference!$A$6:$A$11,MIN(5,MATCH(MAX(Reference!$A$6,MIN(Reference!$A$11,MIN(D10,150))),Reference!$A$6:$A$11,1))))),0)+IF(4<=AE10,(AE10-4+3)*(INDEX(Reference!$B$6:$B$11,MIN(5,MATCH(MAX(Reference!$A$6,MIN(Reference!$A$11,MIN(D10,180))),Reference!$A$6:$A$11,1)))+(MAX(Reference!$A$6,MIN(Reference!$A$11,MIN(D10,180)))-INDEX(Reference!$A$6:$A$11,MIN(5,MATCH(MAX(Reference!$A$6,MIN(Reference!$A$11,MIN(D10,180))),Reference!$A$6:$A$11,1))))*(INDEX(Reference!$B$6:$B$11,MIN(5,MATCH(MAX(Reference!$A$6,MIN(Reference!$A$11,MIN(D10,180))),Reference!$A$6:$A$11,1))+1)-INDEX(Reference!$B$6:$B$11,MIN(5,MATCH(MAX(Reference!$A$6,MIN(Reference!$A$11,MIN(D10,180))),Reference!$A$6:$A$11,1))))/(INDEX(Reference!$A$6:$A$11,MIN(5,MATCH(MAX(Reference!$A$6,MIN(Reference!$A$11,MIN(D10,180))),Reference!$A$6:$A$11,1))+1)-INDEX(Reference!$A$6:$A$11,MIN(5,MATCH(MAX(Reference!$A$6,MIN(Reference!$A$11,MIN(D10,180))),Reference!$A$6:$A$11,1))))),0)+IF(5<=AE10,(AE10-5+3)*(INDEX(Reference!$B$6:$B$11,MIN(5,MATCH(MAX(Reference!$A$6,MIN(Reference!$A$11,MIN(D10,210))),Reference!$A$6:$A$11,1)))+(MAX(Reference!$A$6,MIN(Reference!$A$11,MIN(D10,210)))-INDEX(Reference!$A$6:$A$11,MIN(5,MATCH(MAX(Reference!$A$6,MIN(Reference!$A$11,MIN(D10,210))),Reference!$A$6:$A$11,1))))*(INDEX(Reference!$B$6:$B$11,MIN(5,MATCH(MAX(Reference!$A$6,MIN(Reference!$A$11,MIN(D10,210))),Reference!$A$6:$A$11,1))+1)-INDEX(Reference!$B$6:$B$11,MIN(5,MATCH(MAX(Reference!$A$6,MIN(Reference!$A$11,MIN(D10,210))),Reference!$A$6:$A$11,1))))/(INDEX(Reference!$A$6:$A$11,MIN(5,MATCH(MAX(Reference!$A$6,MIN(Reference!$A$11,MIN(D10,210))),Reference!$A$6:$A$11,1))+1)-INDEX(Reference!$A$6:$A$11,MIN(5,MATCH(MAX(Reference!$A$6,MIN(Reference!$A$11,MIN(D10,210))),Reference!$A$6:$A$11,1))))),0)+IF(6<=AE10,(AE10-6+3)*(INDEX(Reference!$B$6:$B$11,MIN(5,MATCH(MAX(Reference!$A$6,MIN(Reference!$A$11,MIN(D10,240))),Reference!$A$6:$A$11,1)))+(MAX(Reference!$A$6,MIN(Reference!$A$11,MIN(D10,240)))-INDEX(Reference!$A$6:$A$11,MIN(5,MATCH(MAX(Reference!$A$6,MIN(Reference!$A$11,MIN(D10,240))),Reference!$A$6:$A$11,1))))*(INDEX(Reference!$B$6:$B$11,MIN(5,MATCH(MAX(Reference!$A$6,MIN(Reference!$A$11,MIN(D10,240))),Reference!$A$6:$A$11,1))+1)-INDEX(Reference!$B$6:$B$11,MIN(5,MATCH(MAX(Reference!$A$6,MIN(Reference!$A$11,MIN(D10,240))),Reference!$A$6:$A$11,1))))/(INDEX(Reference!$A$6:$A$11,MIN(5,MATCH(MAX(Reference!$A$6,MIN(Reference!$A$11,MIN(D10,240))),Reference!$A$6:$A$11,1))+1)-INDEX(Reference!$A$6:$A$11,MIN(5,MATCH(MAX(Reference!$A$6,MIN(Reference!$A$11,MIN(D10,240))),Reference!$A$6:$A$11,1))))),0)+IF(7<=AE10,(AE10-7+3)*(INDEX(Reference!$B$6:$B$11,MIN(5,MATCH(MAX(Reference!$A$6,MIN(Reference!$A$11,MIN(D10,270))),Reference!$A$6:$A$11,1)))+(MAX(Reference!$A$6,MIN(Reference!$A$11,MIN(D10,270)))-INDEX(Reference!$A$6:$A$11,MIN(5,MATCH(MAX(Reference!$A$6,MIN(Reference!$A$11,MIN(D10,270))),Reference!$A$6:$A$11,1))))*(INDEX(Reference!$B$6:$B$11,MIN(5,MATCH(MAX(Reference!$A$6,MIN(Reference!$A$11,MIN(D10,270))),Reference!$A$6:$A$11,1))+1)-INDEX(Reference!$B$6:$B$11,MIN(5,MATCH(MAX(Reference!$A$6,MIN(Reference!$A$11,MIN(D10,270))),Reference!$A$6:$A$11,1))))/(INDEX(Reference!$A$6:$A$11,MIN(5,MATCH(MAX(Reference!$A$6,MIN(Reference!$A$11,MIN(D10,270))),Reference!$A$6:$A$11,1))+1)-INDEX(Reference!$A$6:$A$11,MIN(5,MATCH(MAX(Reference!$A$6,MIN(Reference!$A$11,MIN(D10,270))),Reference!$A$6:$A$11,1))))),0)+IF(8<=AE10,(AE10-8+3)*(INDEX(Reference!$B$6:$B$11,MIN(5,MATCH(MAX(Reference!$A$6,MIN(Reference!$A$11,MIN(D10,300))),Reference!$A$6:$A$11,1)))+(MAX(Reference!$A$6,MIN(Reference!$A$11,MIN(D10,300)))-INDEX(Reference!$A$6:$A$11,MIN(5,MATCH(MAX(Reference!$A$6,MIN(Reference!$A$11,MIN(D10,300))),Reference!$A$6:$A$11,1))))*(INDEX(Reference!$B$6:$B$11,MIN(5,MATCH(MAX(Reference!$A$6,MIN(Reference!$A$11,MIN(D10,300))),Reference!$A$6:$A$11,1))+1)-INDEX(Reference!$B$6:$B$11,MIN(5,MATCH(MAX(Reference!$A$6,MIN(Reference!$A$11,MIN(D10,300))),Reference!$A$6:$A$11,1))))/(INDEX(Reference!$A$6:$A$11,MIN(5,MATCH(MAX(Reference!$A$6,MIN(Reference!$A$11,MIN(D10,300))),Reference!$A$6:$A$11,1))+1)-INDEX(Reference!$A$6:$A$11,MIN(5,MATCH(MAX(Reference!$A$6,MIN(Reference!$A$11,MIN(D10,300))),Reference!$A$6:$A$11,1))))),0))/(AE10*(AE10+5)/2)),(INDEX(Reference!$B$6:$B$11,MIN(5,MATCH(MAX(Reference!$A$6,MIN(Reference!$A$11,D10)),Reference!$A$6:$A$11,1)))+(MAX(Reference!$A$6,MIN(Reference!$A$11,D10))-INDEX(Reference!$A$6:$A$11,MIN(5,MATCH(MAX(Reference!$A$6,MIN(Reference!$A$11,D10)),Reference!$A$6:$A$11,1))))*(INDEX(Reference!$B$6:$B$11,MIN(5,MATCH(MAX(Reference!$A$6,MIN(Reference!$A$11,D10)),Reference!$A$6:$A$11,1))+1)-INDEX(Reference!$B$6:$B$11,MIN(5,MATCH(MAX(Reference!$A$6,MIN(Reference!$A$11,D10)),Reference!$A$6:$A$11,1))))/(INDEX(Reference!$A$6:$A$11,MIN(5,MATCH(MAX(Reference!$A$6,MIN(Reference!$A$11,D10)),Reference!$A$6:$A$11,1))+1)-INDEX(Reference!$A$6:$A$11,MIN(5,MATCH(MAX(Reference!$A$6,MIN(Reference!$A$11,D10)),Reference!$A$6:$A$11,1)))))))) -> 1 | P10: =IF(N10="","",VLOOKUP(MAX(N10,0),Reference!$A$17:$B$20,2,TRUE())) | Q10: =IF(AG10="","",AG10*IF(AF10="",1,AF10)) | U10: =IF(S10="","",IF(T10="",S10,AVERAGE(S10,T10))) | V10: =IF(OR(U10="",M10="",M10=0),"",M10-U10) | W10: =IF(V10="","",VLOOKUP(MAX(V10,0),Reference!$A$17:$B$20,2,TRUE())) | AA10: =IF(Y10="","",IF(Z10="",Y10,AVERAGE(Y10,Z10))) | AB10: =IF(OR(AA10="",M10="",M10=0),"",M10-AA10) | AC10: =IF(AB10="","",VLOOKUP(MAX(AB10,0),Reference!$A$17:$B$20,2,TRUE())) | AD10: GAME DAY — ONE row: 18 live pitches + 8 entering warm-up = 26 in cols H-K, PLUS 18 pen warm-up throws before he was called on in cols R-T. Set Workload (col Q) folds both in automatically. | AE10: =IF(AND(C10="Long Toss",N(D10)>90),1+ROUNDUP((D10-90)/30,0),1) -> 1 | AF10: =IF(OR(A10="",B10="",AND(C10<>"Bullpen",C10<>"Game")),"",IF((COUNTIFS($B$5:$B$300,B10,$A$5:$A$300,A10-1,$C$5:$C$300,"Bullpen",$AG$5:$AG$300,">0") + COUNTIFS($B$5:$B$300,B10,$A$5:$A$300,A10-1,$C$5:$C$300,"Game",$AG$5:$AG$300,">0"))>0,Reference!$B$119,IF((COUNTIFS($B$5:$B$300,B10,$A$5:$A$300,A10-2,$C$5:$C$300,"Bullpen",$AG$5:$AG$300,">0") + COUNTIFS($B$5:$B$300,B10,$A$5:$A$300,A10-2,$C$5:$C$300,"Game",$AG$5:$AG$300,">0"))>0,Reference!$B$120,1))) | AG10: =IF(AND(OR(I10="",O10="",P10=""),OR(R10="",W10=""),OR(X10="",AC10="")),"",IF(OR(I10="",O10="",P10=""),0,I10*O10*P10)+IF(OR(R10="",W10=""),0,R10*IFERROR(INDEX(Reference!$B$61:$B$62,MATCH("Bullpen",Reference!$A$61:$A$62,0)),0)*W10)+IF(OR(X10="",AC10=""),0,X10*(INDEX(Reference!$B$6:$B$11,MIN(5,MATCH(MAX(Reference!$A$6,MIN(Reference!$A$11,60)),Reference!$A$6:$A$11,1)))+(MAX(Reference!$A$6,MIN(Reference!$A$11,60))-INDEX(Reference!$A$6:$A$11,MIN(5,MATCH(MAX(Reference!$A$6,MIN(Reference!$A$11,60)),Reference!$A$6:$A$11,1))))*(INDEX(Reference!$B$6:$B$11,MIN(5,MATCH(MAX(Reference!$A$6,MIN(Reference!$A$11,60)),Reference!$A$6:$A$11,1))+1)-INDEX(Reference!$B$6:$B$11,MIN(5,MATCH(MAX(Reference!$A$6,MIN(Reference!$A$11,60)),Reference!$A$6:$A$11,1))))/(INDEX(Reference!$A$6:$A$11,MIN(5,MATCH(MAX(Reference!$A$6,MIN(Reference!$A$11,60)),Reference!$A$6:$A$11,1))+1)-INDEX(Reference!$A$6:$A$11,MIN(5,MATCH(MAX(Reference!$A$6,MIN(Reference!$A$11,60)),Reference!$A$6:$A$11,1)))))*AC10))
A11: 46271 | B11: Adam Arther | C11: Moderate | D11: 120 | E11: 0.072916667 | F11: 0.086805556 | G11: =IF(OR(E11="",F11=""),"",(F11-E11)*1440) -> 20 | I11: =IF(H11<>"",H11,IF(G11="","",ROUND(G11*IFERROR(INDEX(Reference!$B$44:$B$50,MATCH(C11,Reference!$A$44:$A$50,0)),0),0))) -> 80 | J11: 75 | K11: 81 | L11: =IF(J11="","",IF(K11="",J11,AVERAGE(J11,K11))) -> 78 | M11: =IFERROR(INDEX(Roster!$D$5:$D$40,MATCH(B11,Roster!$A$5:$A$40,0)),"") -> 87.9 | N11: =IF(OR(L11="",M11="",M11=0),"",M11-L11) -> 9.9 | O11: =IF(OR(C11="Bullpen",C11="Game"),IFERROR(INDEX(Reference!$B$61:$B$62,MATCH(C11,Reference!$A$61:$A$62,0)),""),IF(D11="","",IF(AE11>1,((IF(1<=AE11,(AE11-1+3)*(INDEX(Reference!$B$6:$B$11,MIN(5,MATCH(MAX(Reference!$A$6,MIN(Reference!$A$11,MIN(D11,90))),Reference!$A$6:$A$11,1)))+(MAX(Reference!$A$6,MIN(Reference!$A$11,MIN(D11,90)))-INDEX(Reference!$A$6:$A$11,MIN(5,MATCH(MAX(Reference!$A$6,MIN(Reference!$A$11,MIN(D11,90))),Reference!$A$6:$A$11,1))))*(INDEX(Reference!$B$6:$B$11,MIN(5,MATCH(MAX(Reference!$A$6,MIN(Reference!$A$11,MIN(D11,90))),Reference!$A$6:$A$11,1))+1)-INDEX(Reference!$B$6:$B$11,MIN(5,MATCH(MAX(Reference!$A$6,MIN(Reference!$A$11,MIN(D11,90))),Reference!$A$6:$A$11,1))))/(INDEX(Reference!$A$6:$A$11,MIN(5,MATCH(MAX(Reference!$A$6,MIN(Reference!$A$11,MIN(D11,90))),Reference!$A$6:$A$11,1))+1)-INDEX(Reference!$A$6:$A$11,MIN(5,MATCH(MAX(Reference!$A$6,MIN(Reference!$A$11,MIN(D11,90))),Reference!$A$6:$A$11,1))))),0)+IF(2<=AE11,(AE11-2+3)*(INDEX(Reference!$B$6:$B$11,MIN(5,MATCH(MAX(Reference!$A$6,MIN(Reference!$A$11,MIN(D11,120))),Reference!$A$6:$A$11,1)))+(MAX(Reference!$A$6,MIN(Reference!$A$11,MIN(D11,120)))-INDEX(Reference!$A$6:$A$11,MIN(5,MATCH(MAX(Reference!$A$6,MIN(Reference!$A$11,MIN(D11,120))),Reference!$A$6:$A$11,1))))*(INDEX(Reference!$B$6:$B$11,MIN(5,MATCH(MAX(Reference!$A$6,MIN(Reference!$A$11,MIN(D11,120))),Reference!$A$6:$A$11,1))+1)-INDEX(Reference!$B$6:$B$11,MIN(5,MATCH(MAX(Reference!$A$6,MIN(Reference!$A$11,MIN(D11,120))),Reference!$A$6:$A$11,1))))/(INDEX(Reference!$A$6:$A$11,MIN(5,MATCH(MAX(Reference!$A$6,MIN(Reference!$A$11,MIN(D11,120))),Reference!$A$6:$A$11,1))+1)-INDEX(Reference!$A$6:$A$11,MIN(5,MATCH(MAX(Reference!$A$6,MIN(Reference!$A$11,MIN(D11,120))),Reference!$A$6:$A$11,1))))),0)+IF(3<=AE11,(AE11-3+3)*(INDEX(Reference!$B$6:$B$11,MIN(5,MATCH(MAX(Reference!$A$6,MIN(Reference!$A$11,MIN(D11,150))),Reference!$A$6:$A$11,1)))+(MAX(Reference!$A$6,MIN(Reference!$A$11,MIN(D11,150)))-INDEX(Reference!$A$6:$A$11,MIN(5,MATCH(MAX(Reference!$A$6,MIN(Reference!$A$11,MIN(D11,150))),Reference!$A$6:$A$11,1))))*(INDEX(Reference!$B$6:$B$11,MIN(5,MATCH(MAX(Reference!$A$6,MIN(Reference!$A$11,MIN(D11,150))),Reference!$A$6:$A$11,1))+1)-INDEX(Reference!$B$6:$B$11,MIN(5,MATCH(MAX(Reference!$A$6,MIN(Reference!$A$11,MIN(D11,150))),Reference!$A$6:$A$11,1))))/(INDEX(Reference!$A$6:$A$11,MIN(5,MATCH(MAX(Reference!$A$6,MIN(Reference!$A$11,MIN(D11,150))),Reference!$A$6:$A$11,1))+1)-INDEX(Reference!$A$6:$A$11,MIN(5,MATCH(MAX(Reference!$A$6,MIN(Reference!$A$11,MIN(D11,150))),Reference!$A$6:$A$11,1))))),0)+IF(4<=AE11,(AE11-4+3)*(INDEX(Reference!$B$6:$B$11,MIN(5,MATCH(MAX(Reference!$A$6,MIN(Reference!$A$11,MIN(D11,180))),Reference!$A$6:$A$11,1)))+(MAX(Reference!$A$6,MIN(Reference!$A$11,MIN(D11,180)))-INDEX(Reference!$A$6:$A$11,MIN(5,MATCH(MAX(Reference!$A$6,MIN(Reference!$A$11,MIN(D11,180))),Reference!$A$6:$A$11,1))))*(INDEX(Reference!$B$6:$B$11,MIN(5,MATCH(MAX(Reference!$A$6,MIN(Reference!$A$11,MIN(D11,180))),Reference!$A$6:$A$11,1))+1)-INDEX(Reference!$B$6:$B$11,MIN(5,MATCH(MAX(Reference!$A$6,MIN(Reference!$A$11,MIN(D11,180))),Reference!$A$6:$A$11,1))))/(INDEX(Reference!$A$6:$A$11,MIN(5,MATCH(MAX(Reference!$A$6,MIN(Reference!$A$11,MIN(D11,180))),Reference!$A$6:$A$11,1))+1)-INDEX(Reference!$A$6:$A$11,MIN(5,MATCH(MAX(Reference!$A$6,MIN(Reference!$A$11,MIN(D11,180))),Reference!$A$6:$A$11,1))))),0)+IF(5<=AE11,(AE11-5+3)*(INDEX(Reference!$B$6:$B$11,MIN(5,MATCH(MAX(Reference!$A$6,MIN(Reference!$A$11,MIN(D11,210))),Reference!$A$6:$A$11,1)))+(MAX(Reference!$A$6,MIN(Reference!$A$11,MIN(D11,210)))-INDEX(Reference!$A$6:$A$11,MIN(5,MATCH(MAX(Reference!$A$6,MIN(Reference!$A$11,MIN(D11,210))),Reference!$A$6:$A$11,1))))*(INDEX(Reference!$B$6:$B$11,MIN(5,MATCH(MAX(Reference!$A$6,MIN(Reference!$A$11,MIN(D11,210))),Reference!$A$6:$A$11,1))+1)-INDEX(Reference!$B$6:$B$11,MIN(5,MATCH(MAX(Reference!$A$6,MIN(Reference!$A$11,MIN(D11,210))),Reference!$A$6:$A$11,1))))/(INDEX(Reference!$A$6:$A$11,MIN(5,MATCH(MAX(Reference!$A$6,MIN(Reference!$A$11,MIN(D11,210))),Reference!$A$6:$A$11,1))+1)-INDEX(Reference!$A$6:$A$11,MIN(5,MATCH(MAX(Reference!$A$6,MIN(Reference!$A$11,MIN(D11,210))),Reference!$A$6:$A$11,1))))),0)+IF(6<=AE11,(AE11-6+3)*(INDEX(Reference!$B$6:$B$11,MIN(5,MATCH(MAX(Reference!$A$6,MIN(Reference!$A$11,MIN(D11,240))),Reference!$A$6:$A$11,1)))+(MAX(Reference!$A$6,MIN(Reference!$A$11,MIN(D11,240)))-INDEX(Reference!$A$6:$A$11,MIN(5,MATCH(MAX(Reference!$A$6,MIN(Reference!$A$11,MIN(D11,240))),Reference!$A$6:$A$11,1))))*(INDEX(Reference!$B$6:$B$11,MIN(5,MATCH(MAX(Reference!$A$6,MIN(Reference!$A$11,MIN(D11,240))),Reference!$A$6:$A$11,1))+1)-INDEX(Reference!$B$6:$B$11,MIN(5,MATCH(MAX(Reference!$A$6,MIN(Reference!$A$11,MIN(D11,240))),Reference!$A$6:$A$11,1))))/(INDEX(Reference!$A$6:$A$11,MIN(5,MATCH(MAX(Reference!$A$6,MIN(Reference!$A$11,MIN(D11,240))),Reference!$A$6:$A$11,1))+1)-INDEX(Reference!$A$6:$A$11,MIN(5,MATCH(MAX(Reference!$A$6,MIN(Reference!$A$11,MIN(D11,240))),Reference!$A$6:$A$11,1))))),0)+IF(7<=AE11,(AE11-7+3)*(INDEX(Reference!$B$6:$B$11,MIN(5,MATCH(MAX(Reference!$A$6,MIN(Reference!$A$11,MIN(D11,270))),Reference!$A$6:$A$11,1)))+(MAX(Reference!$A$6,MIN(Reference!$A$11,MIN(D11,270)))-INDEX(Reference!$A$6:$A$11,MIN(5,MATCH(MAX(Reference!$A$6,MIN(Reference!$A$11,MIN(D11,270))),Reference!$A$6:$A$11,1))))*(INDEX(Reference!$B$6:$B$11,MIN(5,MATCH(MAX(Reference!$A$6,MIN(Reference!$A$11,MIN(D11,270))),Reference!$A$6:$A$11,1))+1)-INDEX(Reference!$B$6:$B$11,MIN(5,MATCH(MAX(Reference!$A$6,MIN(Reference!$A$11,MIN(D11,270))),Reference!$A$6:$A$11,1))))/(INDEX(Reference!$A$6:$A$11,MIN(5,MATCH(MAX(Reference!$A$6,MIN(Reference!$A$11,MIN(D11,270))),Reference!$A$6:$A$11,1))+1)-INDEX(Reference!$A$6:$A$11,MIN(5,MATCH(MAX(Reference!$A$6,MIN(Reference!$A$11,MIN(D11,270))),Reference!$A$6:$A$11,1))))),0)+IF(8<=AE11,(AE11-8+3)*(INDEX(Reference!$B$6:$B$11,MIN(5,MATCH(MAX(Reference!$A$6,MIN(Reference!$A$11,MIN(D11,300))),Reference!$A$6:$A$11,1)))+(MAX(Reference!$A$6,MIN(Reference!$A$11,MIN(D11,300)))-INDEX(Reference!$A$6:$A$11,MIN(5,MATCH(MAX(Reference!$A$6,MIN(Reference!$A$11,MIN(D11,300))),Reference!$A$6:$A$11,1))))*(INDEX(Reference!$B$6:$B$11,MIN(5,MATCH(MAX(Reference!$A$6,MIN(Reference!$A$11,MIN(D11,300))),Reference!$A$6:$A$11,1))+1)-INDEX(Reference!$B$6:$B$11,MIN(5,MATCH(MAX(Reference!$A$6,MIN(Reference!$A$11,MIN(D11,300))),Reference!$A$6:$A$11,1))))/(INDEX(Reference!$A$6:$A$11,MIN(5,MATCH(MAX(Reference!$A$6,MIN(Reference!$A$11,MIN(D11,300))),Reference!$A$6:$A$11,1))+1)-INDEX(Reference!$A$6:$A$11,MIN(5,MATCH(MAX(Reference!$A$6,MIN(Reference!$A$11,MIN(D11,300))),Reference!$A$6:$A$11,1))))),0))/(AE11*(AE11+5)/2)),(INDEX(Reference!$B$6:$B$11,MIN(5,MATCH(MAX(Reference!$A$6,MIN(Reference!$A$11,D11)),Reference!$A$6:$A$11,1)))+(MAX(Reference!$A$6,MIN(Reference!$A$11,D11))-INDEX(Reference!$A$6:$A$11,MIN(5,MATCH(MAX(Reference!$A$6,MIN(Reference!$A$11,D11)),Reference!$A$6:$A$11,1))))*(INDEX(Reference!$B$6:$B$11,MIN(5,MATCH(MAX(Reference!$A$6,MIN(Reference!$A$11,D11)),Reference!$A$6:$A$11,1))+1)-INDEX(Reference!$B$6:$B$11,MIN(5,MATCH(MAX(Reference!$A$6,MIN(Reference!$A$11,D11)),Reference!$A$6:$A$11,1))))/(INDEX(Reference!$A$6:$A$11,MIN(5,MATCH(MAX(Reference!$A$6,MIN(Reference!$A$11,D11)),Reference!$A$6:$A$11,1))+1)-INDEX(Reference!$A$6:$A$11,MIN(5,MATCH(MAX(Reference!$A$6,MIN(Reference!$A$11,D11)),Reference!$A$6:$A$11,1)))))))) -> 1.7 | P11: =IF(N11="","",VLOOKUP(MAX(N11,0),Reference!$A$17:$B$20,2,TRUE())) -> 1 | Q11: =IF(AG11="","",AG11*IF(AF11="",1,AF11)) -> 136 | U11: =IF(S11="","",IF(T11="",S11,AVERAGE(S11,T11))) | V11: =IF(OR(U11="",M11="",M11=0),"",M11-U11) | W11: =IF(V11="","",VLOOKUP(MAX(V11,0),Reference!$A$17:$B$20,2,TRUE())) | AA11: =IF(Y11="","",IF(Z11="",Y11,AVERAGE(Y11,Z11))) | AB11: =IF(OR(AA11="",M11="",M11=0),"",M11-AA11) | AC11: =IF(AB11="","",VLOOKUP(MAX(AB11,0),Reference!$A$17:$B$20,2,TRUE())) | AE11: =IF(AND(C11="Long Toss",N(D11)>90),1+ROUNDUP((D11-90)/30,0),1) -> 1 | AF11: =IF(OR(A11="",B11="",AND(C11<>"Bullpen",C11<>"Game")),"",IF((COUNTIFS($B$5:$B$300,B11,$A$5:$A$300,A11-1,$C$5:$C$300,"Bullpen",$AG$5:$AG$300,">0") + COUNTIFS($B$5:$B$300,B11,$A$5:$A$300,A11-1,$C$5:$C$300,"Game",$AG$5:$AG$300,">0"))>0,Reference!$B$119,IF((COUNTIFS($B$5:$B$300,B11,$A$5:$A$300,A11-2,$C$5:$C$300,"Bullpen",$AG$5:$AG$300,">0") + COUNTIFS($B$5:$B$300,B11,$A$5:$A$300,A11-2,$C$5:$C$300,"Game",$AG$5:$AG$300,">0"))>0,Reference!$B$120,1))) | AG11: =IF(AND(OR(I11="",O11="",P11=""),OR(R11="",W11=""),OR(X11="",AC11="")),"",IF(OR(I11="",O11="",P11=""),0,I11*O11*P11)+IF(OR(R11="",W11=""),0,R11*IFERROR(INDEX(Reference!$B$61:$B$62,MATCH("Bullpen",Reference!$A$61:$A$62,0)),0)*W11)+IF(OR(X11="",AC11=""),0,X11*(INDEX(Reference!$B$6:$B$11,MIN(5,MATCH(MAX(Reference!$A$6,MIN(Reference!$A$11,60)),Reference!$A$6:$A$11,1)))+(MAX(Reference!$A$6,MIN(Reference!$A$11,60))-INDEX(Reference!$A$6:$A$11,MIN(5,MATCH(MAX(Reference!$A$6,MIN(Reference!$A$11,60)),Reference!$A$6:$A$11,1))))*(INDEX(Reference!$B$6:$B$11,MIN(5,MATCH(MAX(Reference!$A$6,MIN(Reference!$A$11,60)),Reference!$A$6:$A$11,1))+1)-INDEX(Reference!$B$6:$B$11,MIN(5,MATCH(MAX(Reference!$A$6,MIN(Reference!$A$11,60)),Reference!$A$6:$A$11,1))))/(INDEX(Reference!$A$6:$A$11,MIN(5,MATCH(MAX(Reference!$A$6,MIN(Reference!$A$11,60)),Reference!$A$6:$A$11,1))+1)-INDEX(Reference!$A$6:$A$11,MIN(5,MATCH(MAX(Reference!$A$6,MIN(Reference!$A$11,60)),Reference!$A$6:$A$11,1)))))*AC11)) -> 136
A12: 46272 | B12: Adam Arther | C12: Recovery/Easy Catch | D12: 75 | E12: 0.072916667 | F12: 0.079861111 | G12: =IF(OR(E12="",F12=""),"",(F12-E12)*1440) -> 10 | I12: =IF(H12<>"",H12,IF(G12="","",ROUND(G12*IFERROR(INDEX(Reference!$B$44:$B$50,MATCH(C12,Reference!$A$44:$A$50,0)),0),0))) -> 55 | J12: 72 | K12: 75 | L12: =IF(J12="","",IF(K12="",J12,AVERAGE(J12,K12))) -> 73.5 | M12: =IFERROR(INDEX(Roster!$D$5:$D$40,MATCH(B12,Roster!$A$5:$A$40,0)),"") -> 87.9 | N12: =IF(OR(L12="",M12="",M12=0),"",M12-L12) -> 14.4 | O12: =IF(OR(C12="Bullpen",C12="Game"),IFERROR(INDEX(Reference!$B$61:$B$62,MATCH(C12,Reference!$A$61:$A$62,0)),""),IF(D12="","",IF(AE12>1,((IF(1<=AE12,(AE12-1+3)*(INDEX(Reference!$B$6:$B$11,MIN(5,MATCH(MAX(Reference!$A$6,MIN(Reference!$A$11,MIN(D12,90))),Reference!$A$6:$A$11,1)))+(MAX(Reference!$A$6,MIN(Reference!$A$11,MIN(D12,90)))-INDEX(Reference!$A$6:$A$11,MIN(5,MATCH(MAX(Reference!$A$6,MIN(Reference!$A$11,MIN(D12,90))),Reference!$A$6:$A$11,1))))*(INDEX(Reference!$B$6:$B$11,MIN(5,MATCH(MAX(Reference!$A$6,MIN(Reference!$A$11,MIN(D12,90))),Reference!$A$6:$A$11,1))+1)-INDEX(Reference!$B$6:$B$11,MIN(5,MATCH(MAX(Reference!$A$6,MIN(Reference!$A$11,MIN(D12,90))),Reference!$A$6:$A$11,1))))/(INDEX(Reference!$A$6:$A$11,MIN(5,MATCH(MAX(Reference!$A$6,MIN(Reference!$A$11,MIN(D12,90))),Reference!$A$6:$A$11,1))+1)-INDEX(Reference!$A$6:$A$11,MIN(5,MATCH(MAX(Reference!$A$6,MIN(Reference!$A$11,MIN(D12,90))),Reference!$A$6:$A$11,1))))),0)+IF(2<=AE12,(AE12-2+3)*(INDEX(Reference!$B$6:$B$11,MIN(5,MATCH(MAX(Reference!$A$6,MIN(Reference!$A$11,MIN(D12,120))),Reference!$A$6:$A$11,1)))+(MAX(Reference!$A$6,MIN(Reference!$A$11,MIN(D12,120)))-INDEX(Reference!$A$6:$A$11,MIN(5,MATCH(MAX(Reference!$A$6,MIN(Reference!$A$11,MIN(D12,120))),Reference!$A$6:$A$11,1))))*(INDEX(Reference!$B$6:$B$11,MIN(5,MATCH(MAX(Reference!$A$6,MIN(Reference!$A$11,MIN(D12,120))),Reference!$A$6:$A$11,1))+1)-INDEX(Reference!$B$6:$B$11,MIN(5,MATCH(MAX(Reference!$A$6,MIN(Reference!$A$11,MIN(D12,120))),Reference!$A$6:$A$11,1))))/(INDEX(Reference!$A$6:$A$11,MIN(5,MATCH(MAX(Reference!$A$6,MIN(Reference!$A$11,MIN(D12,120))),Reference!$A$6:$A$11,1))+1)-INDEX(Reference!$A$6:$A$11,MIN(5,MATCH(MAX(Reference!$A$6,MIN(Reference!$A$11,MIN(D12,120))),Reference!$A$6:$A$11,1))))),0)+IF(3<=AE12,(AE12-3+3)*(INDEX(Reference!$B$6:$B$11,MIN(5,MATCH(MAX(Reference!$A$6,MIN(Reference!$A$11,MIN(D12,150))),Reference!$A$6:$A$11,1)))+(MAX(Reference!$A$6,MIN(Reference!$A$11,MIN(D12,150)))-INDEX(Reference!$A$6:$A$11,MIN(5,MATCH(MAX(Reference!$A$6,MIN(Reference!$A$11,MIN(D12,150))),Reference!$A$6:$A$11,1))))*(INDEX(Reference!$B$6:$B$11,MIN(5,MATCH(MAX(Reference!$A$6,MIN(Reference!$A$11,MIN(D12,150))),Reference!$A$6:$A$11,1))+1)-INDEX(Reference!$B$6:$B$11,MIN(5,MATCH(MAX(Reference!$A$6,MIN(Reference!$A$11,MIN(D12,150))),Reference!$A$6:$A$11,1))))/(INDEX(Reference!$A$6:$A$11,MIN(5,MATCH(MAX(Reference!$A$6,MIN(Reference!$A$11,MIN(D12,150))),Reference!$A$6:$A$11,1))+1)-INDEX(Reference!$A$6:$A$11,MIN(5,MATCH(MAX(Reference!$A$6,MIN(Reference!$A$11,MIN(D12,150))),Reference!$A$6:$A$11,1))))),0)+IF(4<=AE12,(AE12-4+3)*(INDEX(Reference!$B$6:$B$11,MIN(5,MATCH(MAX(Reference!$A$6,MIN(Reference!$A$11,MIN(D12,180))),Reference!$A$6:$A$11,1)))+(MAX(Reference!$A$6,MIN(Reference!$A$11,MIN(D12,180)))-INDEX(Reference!$A$6:$A$11,MIN(5,MATCH(MAX(Reference!$A$6,MIN(Reference!$A$11,MIN(D12,180))),Reference!$A$6:$A$11,1))))*(INDEX(Reference!$B$6:$B$11,MIN(5,MATCH(MAX(Reference!$A$6,MIN(Reference!$A$11,MIN(D12,180))),Reference!$A$6:$A$11,1))+1)-INDEX(Reference!$B$6:$B$11,MIN(5,MATCH(MAX(Reference!$A$6,MIN(Reference!$A$11,MIN(D12,180))),Reference!$A$6:$A$11,1))))/(INDEX(Reference!$A$6:$A$11,MIN(5,MATCH(MAX(Reference!$A$6,MIN(Reference!$A$11,MIN(D12,180))),Reference!$A$6:$A$11,1))+1)-INDEX(Reference!$A$6:$A$11,MIN(5,MATCH(MAX(Reference!$A$6,MIN(Reference!$A$11,MIN(D12,180))),Reference!$A$6:$A$11,1))))),0)+IF(5<=AE12,(AE12-5+3)*(INDEX(Reference!$B$6:$B$11,MIN(5,MATCH(MAX(Reference!$A$6,MIN(Reference!$A$11,MIN(D12,210))),Reference!$A$6:$A$11,1)))+(MAX(Reference!$A$6,MIN(Reference!$A$11,MIN(D12,210)))-INDEX(Reference!$A$6:$A$11,MIN(5,MATCH(MAX(Reference!$A$6,MIN(Reference!$A$11,MIN(D12,210))),Reference!$A$6:$A$11,1))))*(INDEX(Reference!$B$6:$B$11,MIN(5,MATCH(MAX(Reference!$A$6,MIN(Reference!$A$11,MIN(D12,210))),Reference!$A$6:$A$11,1))+1)-INDEX(Reference!$B$6:$B$11,MIN(5,MATCH(MAX(Reference!$A$6,MIN(Reference!$A$11,MIN(D12,210))),Reference!$A$6:$A$11,1))))/(INDEX(Reference!$A$6:$A$11,MIN(5,MATCH(MAX(Reference!$A$6,MIN(Reference!$A$11,MIN(D12,210))),Reference!$A$6:$A$11,1))+1)-INDEX(Reference!$A$6:$A$11,MIN(5,MATCH(MAX(Reference!$A$6,MIN(Reference!$A$11,MIN(D12,210))),Reference!$A$6:$A$11,1))))),0)+IF(6<=AE12,(AE12-6+3)*(INDEX(Reference!$B$6:$B$11,MIN(5,MATCH(MAX(Reference!$A$6,MIN(Reference!$A$11,MIN(D12,240))),Reference!$A$6:$A$11,1)))+(MAX(Reference!$A$6,MIN(Reference!$A$11,MIN(D12,240)))-INDEX(Reference!$A$6:$A$11,MIN(5,MATCH(MAX(Reference!$A$6,MIN(Reference!$A$11,MIN(D12,240))),Reference!$A$6:$A$11,1))))*(INDEX(Reference!$B$6:$B$11,MIN(5,MATCH(MAX(Reference!$A$6,MIN(Reference!$A$11,MIN(D12,240))),Reference!$A$6:$A$11,1))+1)-INDEX(Reference!$B$6:$B$11,MIN(5,MATCH(MAX(Reference!$A$6,MIN(Reference!$A$11,MIN(D12,240))),Reference!$A$6:$A$11,1))))/(INDEX(Reference!$A$6:$A$11,MIN(5,MATCH(MAX(Reference!$A$6,MIN(Reference!$A$11,MIN(D12,240))),Reference!$A$6:$A$11,1))+1)-INDEX(Reference!$A$6:$A$11,MIN(5,MATCH(MAX(Reference!$A$6,MIN(Reference!$A$11,MIN(D12,240))),Reference!$A$6:$A$11,1))))),0)+IF(7<=AE12,(AE12-7+3)*(INDEX(Reference!$B$6:$B$11,MIN(5,MATCH(MAX(Reference!$A$6,MIN(Reference!$A$11,MIN(D12,270))),Reference!$A$6:$A$11,1)))+(MAX(Reference!$A$6,MIN(Reference!$A$11,MIN(D12,270)))-INDEX(Reference!$A$6:$A$11,MIN(5,MATCH(MAX(Reference!$A$6,MIN(Reference!$A$11,MIN(D12,270))),Reference!$A$6:$A$11,1))))*(INDEX(Reference!$B$6:$B$11,MIN(5,MATCH(MAX(Reference!$A$6,MIN(Reference!$A$11,MIN(D12,270))),Reference!$A$6:$A$11,1))+1)-INDEX(Reference!$B$6:$B$11,MIN(5,MATCH(MAX(Reference!$A$6,MIN(Reference!$A$11,MIN(D12,270))),Reference!$A$6:$A$11,1))))/(INDEX(Reference!$A$6:$A$11,MIN(5,MATCH(MAX(Reference!$A$6,MIN(Reference!$A$11,MIN(D12,270))),Reference!$A$6:$A$11,1))+1)-INDEX(Reference!$A$6:$A$11,MIN(5,MATCH(MAX(Reference!$A$6,MIN(Reference!$A$11,MIN(D12,270))),Reference!$A$6:$A$11,1))))),0)+IF(8<=AE12,(AE12-8+3)*(INDEX(Reference!$B$6:$B$11,MIN(5,MATCH(MAX(Reference!$A$6,MIN(Reference!$A$11,MIN(D12,300))),Reference!$A$6:$A$11,1)))+(MAX(Reference!$A$6,MIN(Reference!$A$11,MIN(D12,300)))-INDEX(Reference!$A$6:$A$11,MIN(5,MATCH(MAX(Reference!$A$6,MIN(Reference!$A$11,MIN(D12,300))),Reference!$A$6:$A$11,1))))*(INDEX(Reference!$B$6:$B$11,MIN(5,MATCH(MAX(Reference!$A$6,MIN(Reference!$A$11,MIN(D12,300))),Reference!$A$6:$A$11,1))+1)-INDEX(Reference!$B$6:$B$11,MIN(5,MATCH(MAX(Reference!$A$6,MIN(Reference!$A$11,MIN(D12,300))),Reference!$A$6:$A$11,1))))/(INDEX(Reference!$A$6:$A$11,MIN(5,MATCH(MAX(Reference!$A$6,MIN(Reference!$A$11,MIN(D12,300))),Reference!$A$6:$A$11,1))+1)-INDEX(Reference!$A$6:$A$11,MIN(5,MATCH(MAX(Reference!$A$6,MIN(Reference!$A$11,MIN(D12,300))),Reference!$A$6:$A$11,1))))),0))/(AE12*(AE12+5)/2)),(INDEX(Reference!$B$6:$B$11,MIN(5,MATCH(MAX(Reference!$A$6,MIN(Reference!$A$11,D12)),Reference!$A$6:$A$11,1)))+(MAX(Reference!$A$6,MIN(Reference!$A$11,D12))-INDEX(Reference!$A$6:$A$11,MIN(5,MATCH(MAX(Reference!$A$6,MIN(Reference!$A$11,D12)),Reference!$A$6:$A$11,1))))*(INDEX(Reference!$B$6:$B$11,MIN(5,MATCH(MAX(Reference!$A$6,MIN(Reference!$A$11,D12)),Reference!$A$6:$A$11,1))+1)-INDEX(Reference!$B$6:$B$11,MIN(5,MATCH(MAX(Reference!$A$6,MIN(Reference!$A$11,D12)),Reference!$A$6:$A$11,1))))/(INDEX(Reference!$A$6:$A$11,MIN(5,MATCH(MAX(Reference!$A$6,MIN(Reference!$A$11,D12)),Reference!$A$6:$A$11,1))+1)-INDEX(Reference!$A$6:$A$11,MIN(5,MATCH(MAX(Reference!$A$6,MIN(Reference!$A$11,D12)),Reference!$A$6:$A$11,1)))))))) -> 1.15 | P12: =IF(N12="","",VLOOKUP(MAX(N12,0),Reference!$A$17:$B$20,2,TRUE())) -> 0.6 | Q12: =IF(AG12="","",AG12*IF(AF12="",1,AF12)) -> 37.95 | U12: =IF(S12="","",IF(T12="",S12,AVERAGE(S12,T12))) | V12: =IF(OR(U12="",M12="",M12=0),"",M12-U12) | W12: =IF(V12="","",VLOOKUP(MAX(V12,0),Reference!$A$17:$B$20,2,TRUE())) | AA12: =IF(Y12="","",IF(Z12="",Y12,AVERAGE(Y12,Z12))) | AB12: =IF(OR(AA12="",M12="",M12=0),"",M12-AA12) | AC12: =IF(AB12="","",VLOOKUP(MAX(AB12,0),Reference!$A$17:$B$20,2,TRUE())) | AE12: =IF(AND(C12="Long Toss",N(D12)>90),1+ROUNDUP((D12-90)/30,0),1) -> 1 | AF12: =IF(OR(A12="",B12="",AND(C12<>"Bullpen",C12<>"Game")),"",IF((COUNTIFS($B$5:$B$300,B12,$A$5:$A$300,A12-1,$C$5:$C$300,"Bullpen",$AG$5:$AG$300,">0") + COUNTIFS($B$5:$B$300,B12,$A$5:$A$300,A12-1,$C$5:$C$300,"Game",$AG$5:$AG$300,">0"))>0,Reference!$B$119,IF((COUNTIFS($B$5:$B$300,B12,$A$5:$A$300,A12-2,$C$5:$C$300,"Bullpen",$AG$5:$AG$300,">0") + COUNTIFS($B$5:$B$300,B12,$A$5:$A$300,A12-2,$C$5:$C$300,"Game",$AG$5:$AG$300,">0"))>0,Reference!$B$120,1))) | AG12: =IF(AND(OR(I12="",O12="",P12=""),OR(R12="",W12=""),OR(X12="",AC12="")),"",IF(OR(I12="",O12="",P12=""),0,I12*O12*P12)+IF(OR(R12="",W12=""),0,R12*IFERROR(INDEX(Reference!$B$61:$B$62,MATCH("Bullpen",Reference!$A$61:$A$62,0)),0)*W12)+IF(OR(X12="",AC12=""),0,X12*(INDEX(Reference!$B$6:$B$11,MIN(5,MATCH(MAX(Reference!$A$6,MIN(Reference!$A$11,60)),Reference!$A$6:$A$11,1)))+(MAX(Reference!$A$6,MIN(Reference!$A$11,60))-INDEX(Reference!$A$6:$A$11,MIN(5,MATCH(MAX(Reference!$A$6,MIN(Reference!$A$11,60)),Reference!$A$6:$A$11,1))))*(INDEX(Reference!$B$6:$B$11,MIN(5,MATCH(MAX(Reference!$A$6,MIN(Reference!$A$11,60)),Reference!$A$6:$A$11,1))+1)-INDEX(Reference!$B$6:$B$11,MIN(5,MATCH(MAX(Reference!$A$6,MIN(Reference!$A$11,60)),Reference!$A$6:$A$11,1))))/(INDEX(Reference!$A$6:$A$11,MIN(5,MATCH(MAX(Reference!$A$6,MIN(Reference!$A$11,60)),Reference!$A$6:$A$11,1))+1)-INDEX(Reference!$A$6:$A$11,MIN(5,MATCH(MAX(Reference!$A$6,MIN(Reference!$A$11,60)),Reference!$A$6:$A$11,1)))))*AC12)) -> 37.95
A13: 46273 | B13: Adam Arther | C13: Bullpen | E13: 0.072916667 | G13: =IF(OR(E13="",F13=""),"",(F13-E13)*1440) | I13: =IF(H13<>"",H13,IF(G13="","",ROUND(G13*IFERROR(INDEX(Reference!$B$44:$B$50,MATCH(C13,Reference!$A$44:$A$50,0)),0),0))) | J13: 86 | K13: 88 | L13: =IF(J13="","",IF(K13="",J13,AVERAGE(J13,K13))) -> 87 | M13: =IFERROR(INDEX(Roster!$D$5:$D$40,MATCH(B13,Roster!$A$5:$A$40,0)),"") -> 87.9 | N13: =IF(OR(L13="",M13="",M13=0),"",M13-L13) -> 0.9 | O13: =IF(OR(C13="Bullpen",C13="Game"),IFERROR(INDEX(Reference!$B$61:$B$62,MATCH(C13,Reference!$A$61:$A$62,0)),""),IF(D13="","",IF(AE13>1,((IF(1<=AE13,(AE13-1+3)*(INDEX(Reference!$B$6:$B$11,MIN(5,MATCH(MAX(Reference!$A$6,MIN(Reference!$A$11,MIN(D13,90))),Reference!$A$6:$A$11,1)))+(MAX(Reference!$A$6,MIN(Reference!$A$11,MIN(D13,90)))-INDEX(Reference!$A$6:$A$11,MIN(5,MATCH(MAX(Reference!$A$6,MIN(Reference!$A$11,MIN(D13,90))),Reference!$A$6:$A$11,1))))*(INDEX(Reference!$B$6:$B$11,MIN(5,MATCH(MAX(Reference!$A$6,MIN(Reference!$A$11,MIN(D13,90))),Reference!$A$6:$A$11,1))+1)-INDEX(Reference!$B$6:$B$11,MIN(5,MATCH(MAX(Reference!$A$6,MIN(Reference!$A$11,MIN(D13,90))),Reference!$A$6:$A$11,1))))/(INDEX(Reference!$A$6:$A$11,MIN(5,MATCH(MAX(Reference!$A$6,MIN(Reference!$A$11,MIN(D13,90))),Reference!$A$6:$A$11,1))+1)-INDEX(Reference!$A$6:$A$11,MIN(5,MATCH(MAX(Reference!$A$6,MIN(Reference!$A$11,MIN(D13,90))),Reference!$A$6:$A$11,1))))),0)+IF(2<=AE13,(AE13-2+3)*(INDEX(Reference!$B$6:$B$11,MIN(5,MATCH(MAX(Reference!$A$6,MIN(Reference!$A$11,MIN(D13,120))),Reference!$A$6:$A$11,1)))+(MAX(Reference!$A$6,MIN(Reference!$A$11,MIN(D13,120)))-INDEX(Reference!$A$6:$A$11,MIN(5,MATCH(MAX(Reference!$A$6,MIN(Reference!$A$11,MIN(D13,120))),Reference!$A$6:$A$11,1))))*(INDEX(Reference!$B$6:$B$11,MIN(5,MATCH(MAX(Reference!$A$6,MIN(Reference!$A$11,MIN(D13,120))),Reference!$A$6:$A$11,1))+1)-INDEX(Reference!$B$6:$B$11,MIN(5,MATCH(MAX(Reference!$A$6,MIN(Reference!$A$11,MIN(D13,120))),Reference!$A$6:$A$11,1))))/(INDEX(Reference!$A$6:$A$11,MIN(5,MATCH(MAX(Reference!$A$6,MIN(Reference!$A$11,MIN(D13,120))),Reference!$A$6:$A$11,1))+1)-INDEX(Reference!$A$6:$A$11,MIN(5,MATCH(MAX(Reference!$A$6,MIN(Reference!$A$11,MIN(D13,120))),Reference!$A$6:$A$11,1))))),0)+IF(3<=AE13,(AE13-3+3)*(INDEX(Reference!$B$6:$B$11,MIN(5,MATCH(MAX(Reference!$A$6,MIN(Reference!$A$11,MIN(D13,150))),Reference!$A$6:$A$11,1)))+(MAX(Reference!$A$6,MIN(Reference!$A$11,MIN(D13,150)))-INDEX(Reference!$A$6:$A$11,MIN(5,MATCH(MAX(Reference!$A$6,MIN(Reference!$A$11,MIN(D13,150))),Reference!$A$6:$A$11,1))))*(INDEX(Reference!$B$6:$B$11,MIN(5,MATCH(MAX(Reference!$A$6,MIN(Reference!$A$11,MIN(D13,150))),Reference!$A$6:$A$11,1))+1)-INDEX(Reference!$B$6:$B$11,MIN(5,MATCH(MAX(Reference!$A$6,MIN(Reference!$A$11,MIN(D13,150))),Reference!$A$6:$A$11,1))))/(INDEX(Reference!$A$6:$A$11,MIN(5,MATCH(MAX(Reference!$A$6,MIN(Reference!$A$11,MIN(D13,150))),Reference!$A$6:$A$11,1))+1)-INDEX(Reference!$A$6:$A$11,MIN(5,MATCH(MAX(Reference!$A$6,MIN(Reference!$A$11,MIN(D13,150))),Reference!$A$6:$A$11,1))))),0)+IF(4<=AE13,(AE13-4+3)*(INDEX(Reference!$B$6:$B$11,MIN(5,MATCH(MAX(Reference!$A$6,MIN(Reference!$A$11,MIN(D13,180))),Reference!$A$6:$A$11,1)))+(MAX(Reference!$A$6,MIN(Reference!$A$11,MIN(D13,180)))-INDEX(Reference!$A$6:$A$11,MIN(5,MATCH(MAX(Reference!$A$6,MIN(Reference!$A$11,MIN(D13,180))),Reference!$A$6:$A$11,1))))*(INDEX(Reference!$B$6:$B$11,MIN(5,MATCH(MAX(Reference!$A$6,MIN(Reference!$A$11,MIN(D13,180))),Reference!$A$6:$A$11,1))+1)-INDEX(Reference!$B$6:$B$11,MIN(5,MATCH(MAX(Reference!$A$6,MIN(Reference!$A$11,MIN(D13,180))),Reference!$A$6:$A$11,1))))/(INDEX(Reference!$A$6:$A$11,MIN(5,MATCH(MAX(Reference!$A$6,MIN(Reference!$A$11,MIN(D13,180))),Reference!$A$6:$A$11,1))+1)-INDEX(Reference!$A$6:$A$11,MIN(5,MATCH(MAX(Reference!$A$6,MIN(Reference!$A$11,MIN(D13,180))),Reference!$A$6:$A$11,1))))),0)+IF(5<=AE13,(AE13-5+3)*(INDEX(Reference!$B$6:$B$11,MIN(5,MATCH(MAX(Reference!$A$6,MIN(Reference!$A$11,MIN(D13,210))),Reference!$A$6:$A$11,1)))+(MAX(Reference!$A$6,MIN(Reference!$A$11,MIN(D13,210)))-INDEX(Reference!$A$6:$A$11,MIN(5,MATCH(MAX(Reference!$A$6,MIN(Reference!$A$11,MIN(D13,210))),Reference!$A$6:$A$11,1))))*(INDEX(Reference!$B$6:$B$11,MIN(5,MATCH(MAX(Reference!$A$6,MIN(Reference!$A$11,MIN(D13,210))),Reference!$A$6:$A$11,1))+1)-INDEX(Reference!$B$6:$B$11,MIN(5,MATCH(MAX(Reference!$A$6,MIN(Reference!$A$11,MIN(D13,210))),Reference!$A$6:$A$11,1))))/(INDEX(Reference!$A$6:$A$11,MIN(5,MATCH(MAX(Reference!$A$6,MIN(Reference!$A$11,MIN(D13,210))),Reference!$A$6:$A$11,1))+1)-INDEX(Reference!$A$6:$A$11,MIN(5,MATCH(MAX(Reference!$A$6,MIN(Reference!$A$11,MIN(D13,210))),Reference!$A$6:$A$11,1))))),0)+IF(6<=AE13,(AE13-6+3)*(INDEX(Reference!$B$6:$B$11,MIN(5,MATCH(MAX(Reference!$A$6,MIN(Reference!$A$11,MIN(D13,240))),Reference!$A$6:$A$11,1)))+(MAX(Reference!$A$6,MIN(Reference!$A$11,MIN(D13,240)))-INDEX(Reference!$A$6:$A$11,MIN(5,MATCH(MAX(Reference!$A$6,MIN(Reference!$A$11,MIN(D13,240))),Reference!$A$6:$A$11,1))))*(INDEX(Reference!$B$6:$B$11,MIN(5,MATCH(MAX(Reference!$A$6,MIN(Reference!$A$11,MIN(D13,240))),Reference!$A$6:$A$11,1))+1)-INDEX(Reference!$B$6:$B$11,MIN(5,MATCH(MAX(Reference!$A$6,MIN(Reference!$A$11,MIN(D13,240))),Reference!$A$6:$A$11,1))))/(INDEX(Reference!$A$6:$A$11,MIN(5,MATCH(MAX(Reference!$A$6,MIN(Reference!$A$11,MIN(D13,240))),Reference!$A$6:$A$11,1))+1)-INDEX(Reference!$A$6:$A$11,MIN(5,MATCH(MAX(Reference!$A$6,MIN(Reference!$A$11,MIN(D13,240))),Reference!$A$6:$A$11,1))))),0)+IF(7<=AE13,(AE13-7+3)*(INDEX(Reference!$B$6:$B$11,MIN(5,MATCH(MAX(Reference!$A$6,MIN(Reference!$A$11,MIN(D13,270))),Reference!$A$6:$A$11,1)))+(MAX(Reference!$A$6,MIN(Reference!$A$11,MIN(D13,270)))-INDEX(Reference!$A$6:$A$11,MIN(5,MATCH(MAX(Reference!$A$6,MIN(Reference!$A$11,MIN(D13,270))),Reference!$A$6:$A$11,1))))*(INDEX(Reference!$B$6:$B$11,MIN(5,MATCH(MAX(Reference!$A$6,MIN(Reference!$A$11,MIN(D13,270))),Reference!$A$6:$A$11,1))+1)-INDEX(Reference!$B$6:$B$11,MIN(5,MATCH(MAX(Reference!$A$6,MIN(Reference!$A$11,MIN(D13,270))),Reference!$A$6:$A$11,1))))/(INDEX(Reference!$A$6:$A$11,MIN(5,MATCH(MAX(Reference!$A$6,MIN(Reference!$A$11,MIN(D13,270))),Reference!$A$6:$A$11,1))+1)-INDEX(Reference!$A$6:$A$11,MIN(5,MATCH(MAX(Reference!$A$6,MIN(Reference!$A$11,MIN(D13,270))),Reference!$A$6:$A$11,1))))),0)+IF(8<=AE13,(AE13-8+3)*(INDEX(Reference!$B$6:$B$11,MIN(5,MATCH(MAX(Reference!$A$6,MIN(Reference!$A$11,MIN(D13,300))),Reference!$A$6:$A$11,1)))+(MAX(Reference!$A$6,MIN(Reference!$A$11,MIN(D13,300)))-INDEX(Reference!$A$6:$A$11,MIN(5,MATCH(MAX(Reference!$A$6,MIN(Reference!$A$11,MIN(D13,300))),Reference!$A$6:$A$11,1))))*(INDEX(Reference!$B$6:$B$11,MIN(5,MATCH(MAX(Reference!$A$6,MIN(Reference!$A$11,MIN(D13,300))),Reference!$A$6:$A$11,1))+1)-INDEX(Reference!$B$6:$B$11,MIN(5,MATCH(MAX(Reference!$A$6,MIN(Reference!$A$11,MIN(D13,300))),Reference!$A$6:$A$11,1))))/(INDEX(Reference!$A$6:$A$11,MIN(5,MATCH(MAX(Reference!$A$6,MIN(Reference!$A$11,MIN(D13,300))),Reference!$A$6:$A$11,1))+1)-INDEX(Reference!$A$6:$A$11,MIN(5,MATCH(MAX(Reference!$A$6,MIN(Reference!$A$11,MIN(D13,300))),Reference!$A$6:$A$11,1))))),0))/(AE13*(AE13+5)/2)),(INDEX(Reference!$B$6:$B$11,MIN(5,MATCH(MAX(Reference!$A$6,MIN(Reference!$A$11,D13)),Reference!$A$6:$A$11,1)))+(MAX(Reference!$A$6,MIN(Reference!$A$11,D13))-INDEX(Reference!$A$6:$A$11,MIN(5,MATCH(MAX(Reference!$A$6,MIN(Reference!$A$11,D13)),Reference!$A$6:$A$11,1))))*(INDEX(Reference!$B$6:$B$11,MIN(5,MATCH(MAX(Reference!$A$6,MIN(Reference!$A$11,D13)),Reference!$A$6:$A$11,1))+1)-INDEX(Reference!$B$6:$B$11,MIN(5,MATCH(MAX(Reference!$A$6,MIN(Reference!$A$11,D13)),Reference!$A$6:$A$11,1))))/(INDEX(Reference!$A$6:$A$11,MIN(5,MATCH(MAX(Reference!$A$6,MIN(Reference!$A$11,D13)),Reference!$A$6:$A$11,1))+1)-INDEX(Reference!$A$6:$A$11,MIN(5,MATCH(MAX(Reference!$A$6,MIN(Reference!$A$11,D13)),Reference!$A$6:$A$11,1)))))))) -> 3 | P13: =IF(N13="","",VLOOKUP(MAX(N13,0),Reference!$A$17:$B$20,2,TRUE())) -> 2 | Q13: =IF(AG13="","",AG13*IF(AF13="",1,AF13)) | U13: =IF(S13="","",IF(T13="",S13,AVERAGE(S13,T13))) | V13: =IF(OR(U13="",M13="",M13=0),"",M13-U13) | W13: =IF(V13="","",VLOOKUP(MAX(V13,0),Reference!$A$17:$B$20,2,TRUE())) | AA13: =IF(Y13="","",IF(Z13="",Y13,AVERAGE(Y13,Z13))) | AB13: =IF(OR(AA13="",M13="",M13=0),"",M13-AA13) | AC13: =IF(AB13="","",VLOOKUP(MAX(AB13,0),Reference!$A$17:$B$20,2,TRUE())) | AE13: =IF(AND(C13="Long Toss",N(D13)>90),1+ROUNDUP((D13-90)/30,0),1) -> 1 | AF13: =IF(OR(A13="",B13="",AND(C13<>"Bullpen",C13<>"Game")),"",IF((COUNTIFS($B$5:$B$300,B13,$A$5:$A$300,A13-1,$C$5:$C$300,"Bullpen",$AG$5:$AG$300,">0") + COUNTIFS($B$5:$B$300,B13,$A$5:$A$300,A13-1,$C$5:$C$300,"Game",$AG$5:$AG$300,">0"))>0,Reference!$B$119,IF((COUNTIFS($B$5:$B$300,B13,$A$5:$A$300,A13-2,$C$5:$C$300,"Bullpen",$AG$5:$AG$300,">0") + COUNTIFS($B$5:$B$300,B13,$A$5:$A$300,A13-2,$C$5:$C$300,"Game",$AG$5:$AG$300,">0"))>0,Reference!$B$120,1))) -> 1 | AG13: =IF(AND(OR(I13="",O13="",P13=""),OR(R13="",W13=""),OR(X13="",AC13="")),"",IF(OR(I13="",O13="",P13=""),0,I13*O13*P13)+IF(OR(R13="",W13=""),0,R13*IFERROR(INDEX(Reference!$B$61:$B$62,MATCH("Bullpen",Reference!$A$61:$A$62,0)),0)*W13)+IF(OR(X13="",AC13=""),0,X13*(INDEX(Reference!$B$6:$B$11,MIN(5,MATCH(MAX(Reference!$A$6,MIN(Reference!$A$11,60)),Reference!$A$6:$A$11,1)))+(MAX(Reference!$A$6,MIN(Reference!$A$11,60))-INDEX(Reference!$A$6:$A$11,MIN(5,MATCH(MAX(Reference!$A$6,MIN(Reference!$A$11,60)),Reference!$A$6:$A$11,1))))*(INDEX(Reference!$B$6:$B$11,MIN(5,MATCH(MAX(Reference!$A$6,MIN(Reference!$A$11,60)),Reference!$A$6:$A$11,1))+1)-INDEX(Reference!$B$6:$B$11,MIN(5,MATCH(MAX(Reference!$A$6,MIN(Reference!$A$11,60)),Reference!$A$6:$A$11,1))))/(INDEX(Reference!$A$6:$A$11,MIN(5,MATCH(MAX(Reference!$A$6,MIN(Reference!$A$11,60)),Reference!$A$6:$A$11,1))+1)-INDEX(Reference!$A$6:$A$11,MIN(5,MATCH(MAX(Reference!$A$6,MIN(Reference!$A$11,60)),Reference!$A$6:$A$11,1)))))*AC13))
A14: 46274 | B14: Adam Arther | C14: Recovery/Easy Catch | D14: 75 | E14: 0.072916667 | F14: 0.079861111 | G14: =IF(OR(E14="",F14=""),"",(F14-E14)*1440) -> 10 | I14: =IF(H14<>"",H14,IF(G14="","",ROUND(G14*IFERROR(INDEX(Reference!$B$44:$B$50,MATCH(C14,Reference!$A$44:$A$50,0)),0),0))) -> 55 | J14: 72 | K14: 75 | L14: =IF(J14="","",IF(K14="",J14,AVERAGE(J14,K14))) -> 73.5 | M14: =IFERROR(INDEX(Roster!$D$5:$D$40,MATCH(B14,Roster!$A$5:$A$40,0)),"") -> 87.9 | N14: =IF(OR(L14="",M14="",M14=0),"",M14-L14) -> 14.4 | O14: =IF(OR(C14="Bullpen",C14="Game"),IFERROR(INDEX(Reference!$B$61:$B$62,MATCH(C14,Reference!$A$61:$A$62,0)),""),IF(D14="","",IF(AE14>1,((IF(1<=AE14,(AE14-1+3)*(INDEX(Reference!$B$6:$B$11,MIN(5,MATCH(MAX(Reference!$A$6,MIN(Reference!$A$11,MIN(D14,90))),Reference!$A$6:$A$11,1)))+(MAX(Reference!$A$6,MIN(Reference!$A$11,MIN(D14,90)))-INDEX(Reference!$A$6:$A$11,MIN(5,MATCH(MAX(Reference!$A$6,MIN(Reference!$A$11,MIN(D14,90))),Reference!$A$6:$A$11,1))))*(INDEX(Reference!$B$6:$B$11,MIN(5,MATCH(MAX(Reference!$A$6,MIN(Reference!$A$11,MIN(D14,90))),Reference!$A$6:$A$11,1))+1)-INDEX(Reference!$B$6:$B$11,MIN(5,MATCH(MAX(Reference!$A$6,MIN(Reference!$A$11,MIN(D14,90))),Reference!$A$6:$A$11,1))))/(INDEX(Reference!$A$6:$A$11,MIN(5,MATCH(MAX(Reference!$A$6,MIN(Reference!$A$11,MIN(D14,90))),Reference!$A$6:$A$11,1))+1)-INDEX(Reference!$A$6:$A$11,MIN(5,MATCH(MAX(Reference!$A$6,MIN(Reference!$A$11,MIN(D14,90))),Reference!$A$6:$A$11,1))))),0)+IF(2<=AE14,(AE14-2+3)*(INDEX(Reference!$B$6:$B$11,MIN(5,MATCH(MAX(Reference!$A$6,MIN(Reference!$A$11,MIN(D14,120))),Reference!$A$6:$A$11,1)))+(MAX(Reference!$A$6,MIN(Reference!$A$11,MIN(D14,120)))-INDEX(Reference!$A$6:$A$11,MIN(5,MATCH(MAX(Reference!$A$6,MIN(Reference!$A$11,MIN(D14,120))),Reference!$A$6:$A$11,1))))*(INDEX(Reference!$B$6:$B$11,MIN(5,MATCH(MAX(Reference!$A$6,MIN(Reference!$A$11,MIN(D14,120))),Reference!$A$6:$A$11,1))+1)-INDEX(Reference!$B$6:$B$11,MIN(5,MATCH(MAX(Reference!$A$6,MIN(Reference!$A$11,MIN(D14,120))),Reference!$A$6:$A$11,1))))/(INDEX(Reference!$A$6:$A$11,MIN(5,MATCH(MAX(Reference!$A$6,MIN(Reference!$A$11,MIN(D14,120))),Reference!$A$6:$A$11,1))+1)-INDEX(Reference!$A$6:$A$11,MIN(5,MATCH(MAX(Reference!$A$6,MIN(Reference!$A$11,MIN(D14,120))),Reference!$A$6:$A$11,1))))),0)+IF(3<=AE14,(AE14-3+3)*(INDEX(Reference!$B$6:$B$11,MIN(5,MATCH(MAX(Reference!$A$6,MIN(Reference!$A$11,MIN(D14,150))),Reference!$A$6:$A$11,1)))+(MAX(Reference!$A$6,MIN(Reference!$A$11,MIN(D14,150)))-INDEX(Reference!$A$6:$A$11,MIN(5,MATCH(MAX(Reference!$A$6,MIN(Reference!$A$11,MIN(D14,150))),Reference!$A$6:$A$11,1))))*(INDEX(Reference!$B$6:$B$11,MIN(5,MATCH(MAX(Reference!$A$6,MIN(Reference!$A$11,MIN(D14,150))),Reference!$A$6:$A$11,1))+1)-INDEX(Reference!$B$6:$B$11,MIN(5,MATCH(MAX(Reference!$A$6,MIN(Reference!$A$11,MIN(D14,150))),Reference!$A$6:$A$11,1))))/(INDEX(Reference!$A$6:$A$11,MIN(5,MATCH(MAX(Reference!$A$6,MIN(Reference!$A$11,MIN(D14,150))),Reference!$A$6:$A$11,1))+1)-INDEX(Reference!$A$6:$A$11,MIN(5,MATCH(MAX(Reference!$A$6,MIN(Reference!$A$11,MIN(D14,150))),Reference!$A$6:$A$11,1))))),0)+IF(4<=AE14,(AE14-4+3)*(INDEX(Reference!$B$6:$B$11,MIN(5,MATCH(MAX(Reference!$A$6,MIN(Reference!$A$11,MIN(D14,180))),Reference!$A$6:$A$11,1)))+(MAX(Reference!$A$6,MIN(Reference!$A$11,MIN(D14,180)))-INDEX(Reference!$A$6:$A$11,MIN(5,MATCH(MAX(Reference!$A$6,MIN(Reference!$A$11,MIN(D14,180))),Reference!$A$6:$A$11,1))))*(INDEX(Reference!$B$6:$B$11,MIN(5,MATCH(MAX(Reference!$A$6,MIN(Reference!$A$11,MIN(D14,180))),Reference!$A$6:$A$11,1))+1)-INDEX(Reference!$B$6:$B$11,MIN(5,MATCH(MAX(Reference!$A$6,MIN(Reference!$A$11,MIN(D14,180))),Reference!$A$6:$A$11,1))))/(INDEX(Reference!$A$6:$A$11,MIN(5,MATCH(MAX(Reference!$A$6,MIN(Reference!$A$11,MIN(D14,180))),Reference!$A$6:$A$11,1))+1)-INDEX(Reference!$A$6:$A$11,MIN(5,MATCH(MAX(Reference!$A$6,MIN(Reference!$A$11,MIN(D14,180))),Reference!$A$6:$A$11,1))))),0)+IF(5<=AE14,(AE14-5+3)*(INDEX(Reference!$B$6:$B$11,MIN(5,MATCH(MAX(Reference!$A$6,MIN(Reference!$A$11,MIN(D14,210))),Reference!$A$6:$A$11,1)))+(MAX(Reference!$A$6,MIN(Reference!$A$11,MIN(D14,210)))-INDEX(Reference!$A$6:$A$11,MIN(5,MATCH(MAX(Reference!$A$6,MIN(Reference!$A$11,MIN(D14,210))),Reference!$A$6:$A$11,1))))*(INDEX(Reference!$B$6:$B$11,MIN(5,MATCH(MAX(Reference!$A$6,MIN(Reference!$A$11,MIN(D14,210))),Reference!$A$6:$A$11,1))+1)-INDEX(Reference!$B$6:$B$11,MIN(5,MATCH(MAX(Reference!$A$6,MIN(Reference!$A$11,MIN(D14,210))),Reference!$A$6:$A$11,1))))/(INDEX(Reference!$A$6:$A$11,MIN(5,MATCH(MAX(Reference!$A$6,MIN(Reference!$A$11,MIN(D14,210))),Reference!$A$6:$A$11,1))+1)-INDEX(Reference!$A$6:$A$11,MIN(5,MATCH(MAX(Reference!$A$6,MIN(Reference!$A$11,MIN(D14,210))),Reference!$A$6:$A$11,1))))),0)+IF(6<=AE14,(AE14-6+3)*(INDEX(Reference!$B$6:$B$11,MIN(5,MATCH(MAX(Reference!$A$6,MIN(Reference!$A$11,MIN(D14,240))),Reference!$A$6:$A$11,1)))+(MAX(Reference!$A$6,MIN(Reference!$A$11,MIN(D14,240)))-INDEX(Reference!$A$6:$A$11,MIN(5,MATCH(MAX(Reference!$A$6,MIN(Reference!$A$11,MIN(D14,240))),Reference!$A$6:$A$11,1))))*(INDEX(Reference!$B$6:$B$11,MIN(5,MATCH(MAX(Reference!$A$6,MIN(Reference!$A$11,MIN(D14,240))),Reference!$A$6:$A$11,1))+1)-INDEX(Reference!$B$6:$B$11,MIN(5,MATCH(MAX(Reference!$A$6,MIN(Reference!$A$11,MIN(D14,240))),Reference!$A$6:$A$11,1))))/(INDEX(Reference!$A$6:$A$11,MIN(5,MATCH(MAX(Reference!$A$6,MIN(Reference!$A$11,MIN(D14,240))),Reference!$A$6:$A$11,1))+1)-INDEX(Reference!$A$6:$A$11,MIN(5,MATCH(MAX(Reference!$A$6,MIN(Reference!$A$11,MIN(D14,240))),Reference!$A$6:$A$11,1))))),0)+IF(7<=AE14,(AE14-7+3)*(INDEX(Reference!$B$6:$B$11,MIN(5,MATCH(MAX(Reference!$A$6,MIN(Reference!$A$11,MIN(D14,270))),Reference!$A$6:$A$11,1)))+(MAX(Reference!$A$6,MIN(Reference!$A$11,MIN(D14,270)))-INDEX(Reference!$A$6:$A$11,MIN(5,MATCH(MAX(Reference!$A$6,MIN(Reference!$A$11,MIN(D14,270))),Reference!$A$6:$A$11,1))))*(INDEX(Reference!$B$6:$B$11,MIN(5,MATCH(MAX(Reference!$A$6,MIN(Reference!$A$11,MIN(D14,270))),Reference!$A$6:$A$11,1))+1)-INDEX(Reference!$B$6:$B$11,MIN(5,MATCH(MAX(Reference!$A$6,MIN(Reference!$A$11,MIN(D14,270))),Reference!$A$6:$A$11,1))))/(INDEX(Reference!$A$6:$A$11,MIN(5,MATCH(MAX(Reference!$A$6,MIN(Reference!$A$11,MIN(D14,270))),Reference!$A$6:$A$11,1))+1)-INDEX(Reference!$A$6:$A$11,MIN(5,MATCH(MAX(Reference!$A$6,MIN(Reference!$A$11,MIN(D14,270))),Reference!$A$6:$A$11,1))))),0)+IF(8<=AE14,(AE14-8+3)*(INDEX(Reference!$B$6:$B$11,MIN(5,MATCH(MAX(Reference!$A$6,MIN(Reference!$A$11,MIN(D14,300))),Reference!$A$6:$A$11,1)))+(MAX(Reference!$A$6,MIN(Reference!$A$11,MIN(D14,300)))-INDEX(Reference!$A$6:$A$11,MIN(5,MATCH(MAX(Reference!$A$6,MIN(Reference!$A$11,MIN(D14,300))),Reference!$A$6:$A$11,1))))*(INDEX(Reference!$B$6:$B$11,MIN(5,MATCH(MAX(Reference!$A$6,MIN(Reference!$A$11,MIN(D14,300))),Reference!$A$6:$A$11,1))+1)-INDEX(Reference!$B$6:$B$11,MIN(5,MATCH(MAX(Reference!$A$6,MIN(Reference!$A$11,MIN(D14,300))),Reference!$A$6:$A$11,1))))/(INDEX(Reference!$A$6:$A$11,MIN(5,MATCH(MAX(Reference!$A$6,MIN(Reference!$A$11,MIN(D14,300))),Reference!$A$6:$A$11,1))+1)-INDEX(Reference!$A$6:$A$11,MIN(5,MATCH(MAX(Reference!$A$6,MIN(Reference!$A$11,MIN(D14,300))),Reference!$A$6:$A$11,1))))),0))/(AE14*(AE14+5)/2)),(INDEX(Reference!$B$6:$B$11,MIN(5,MATCH(MAX(Reference!$A$6,MIN(Reference!$A$11,D14)),Reference!$A$6:$A$11,1)))+(MAX(Reference!$A$6,MIN(Reference!$A$11,D14))-INDEX(Reference!$A$6:$A$11,MIN(5,MATCH(MAX(Reference!$A$6,MIN(Reference!$A$11,D14)),Reference!$A$6:$A$11,1))))*(INDEX(Reference!$B$6:$B$11,MIN(5,MATCH(MAX(Reference!$A$6,MIN(Reference!$A$11,D14)),Reference!$A$6:$A$11,1))+1)-INDEX(Reference!$B$6:$B$11,MIN(5,MATCH(MAX(Reference!$A$6,MIN(Reference!$A$11,D14)),Reference!$A$6:$A$11,1))))/(INDEX(Reference!$A$6:$A$11,MIN(5,MATCH(MAX(Reference!$A$6,MIN(Reference!$A$11,D14)),Reference!$A$6:$A$11,1))+1)-INDEX(Reference!$A$6:$A$11,MIN(5,MATCH(MAX(Reference!$A$6,MIN(Reference!$A$11,D14)),Reference!$A$6:$A$11,1)))))))) -> 1.15 | P14: =IF(N14="","",VLOOKUP(MAX(N14,0),Reference!$A$17:$B$20,2,TRUE())) -> 0.6 | Q14: =IF(AG14="","",AG14*IF(AF14="",1,AF14)) -> 37.95 | U14: =IF(S14="","",IF(T14="",S14,AVERAGE(S14,T14))) | V14: =IF(OR(U14="",M14="",M14=0),"",M14-U14) | W14: =IF(V14="","",VLOOKUP(MAX(V14,0),Reference!$A$17:$B$20,2,TRUE())) | AA14: =IF(Y14="","",IF(Z14="",Y14,AVERAGE(Y14,Z14))) | AB14: =IF(OR(AA14="",M14="",M14=0),"",M14-AA14) | AC14: =IF(AB14="","",VLOOKUP(MAX(AB14,0),Reference!$A$17:$B$20,2,TRUE())) | AE14: =IF(AND(C14="Long Toss",N(D14)>90),1+ROUNDUP((D14-90)/30,0),1) -> 1 | AF14: =IF(OR(A14="",B14="",AND(C14<>"Bullpen",C14<>"Game")),"",IF((COUNTIFS($B$5:$B$300,B14,$A$5:$A$300,A14-1,$C$5:$C$300,"Bullpen",$AG$5:$AG$300,">0") + COUNTIFS($B$5:$B$300,B14,$A$5:$A$300,A14-1,$C$5:$C$300,"Game",$AG$5:$AG$300,">0"))>0,Reference!$B$119,IF((COUNTIFS($B$5:$B$300,B14,$A$5:$A$300,A14-2,$C$5:$C$300,"Bullpen",$AG$5:$AG$300,">0") + COUNTIFS($B$5:$B$300,B14,$A$5:$A$300,A14-2,$C$5:$C$300,"Game",$AG$5:$AG$300,">0"))>0,Reference!$B$120,1))) | AG14: =IF(AND(OR(I14="",O14="",P14=""),OR(R14="",W14=""),OR(X14="",AC14="")),"",IF(OR(I14="",O14="",P14=""),0,I14*O14*P14)+IF(OR(R14="",W14=""),0,R14*IFERROR(INDEX(Reference!$B$61:$B$62,MATCH("Bullpen",Reference!$A$61:$A$62,0)),0)*W14)+IF(OR(X14="",AC14=""),0,X14*(INDEX(Reference!$B$6:$B$11,MIN(5,MATCH(MAX(Reference!$A$6,MIN(Reference!$A$11,60)),Reference!$A$6:$A$11,1)))+(MAX(Reference!$A$6,MIN(Reference!$A$11,60))-INDEX(Reference!$A$6:$A$11,MIN(5,MATCH(MAX(Reference!$A$6,MIN(Reference!$A$11,60)),Reference!$A$6:$A$11,1))))*(INDEX(Reference!$B$6:$B$11,MIN(5,MATCH(MAX(Reference!$A$6,MIN(Reference!$A$11,60)),Reference!$A$6:$A$11,1))+1)-INDEX(Reference!$B$6:$B$11,MIN(5,MATCH(MAX(Reference!$A$6,MIN(Reference!$A$11,60)),Reference!$A$6:$A$11,1))))/(INDEX(Reference!$A$6:$A$11,MIN(5,MATCH(MAX(Reference!$A$6,MIN(Reference!$A$11,60)),Reference!$A$6:$A$11,1))+1)-INDEX(Reference!$A$6:$A$11,MIN(5,MATCH(MAX(Reference!$A$6,MIN(Reference!$A$11,60)),Reference!$A$6:$A$11,1)))))*AC14)) -> 37.95
A15: 46275 | B15: Adam Arther | C15: Moderate | D15: 90 | E15: 0.072916667 | F15: 0.086805556 | G15: =IF(OR(E15="",F15=""),"",(F15-E15)*1440) -> 20 | I15: =IF(H15<>"",H15,IF(G15="","",ROUND(G15*IFERROR(INDEX(Reference!$B$44:$B$50,MATCH(C15,Reference!$A$44:$A$50,0)),0),0))) -> 80 | J15: 75 | K15: 81 | L15: =IF(J15="","",IF(K15="",J15,AVERAGE(J15,K15))) -> 78 | M15: =IFERROR(INDEX(Roster!$D$5:$D$40,MATCH(B15,Roster!$A$5:$A$40,0)),"") -> 87.9 | N15: =IF(OR(L15="",M15="",M15=0),"",M15-L15) -> 9.9 | O15: =IF(OR(C15="Bullpen",C15="Game"),IFERROR(INDEX(Reference!$B$61:$B$62,MATCH(C15,Reference!$A$61:$A$62,0)),""),IF(D15="","",IF(AE15>1,((IF(1<=AE15,(AE15-1+3)*(INDEX(Reference!$B$6:$B$11,MIN(5,MATCH(MAX(Reference!$A$6,MIN(Reference!$A$11,MIN(D15,90))),Reference!$A$6:$A$11,1)))+(MAX(Reference!$A$6,MIN(Reference!$A$11,MIN(D15,90)))-INDEX(Reference!$A$6:$A$11,MIN(5,MATCH(MAX(Reference!$A$6,MIN(Reference!$A$11,MIN(D15,90))),Reference!$A$6:$A$11,1))))*(INDEX(Reference!$B$6:$B$11,MIN(5,MATCH(MAX(Reference!$A$6,MIN(Reference!$A$11,MIN(D15,90))),Reference!$A$6:$A$11,1))+1)-INDEX(Reference!$B$6:$B$11,MIN(5,MATCH(MAX(Reference!$A$6,MIN(Reference!$A$11,MIN(D15,90))),Reference!$A$6:$A$11,1))))/(INDEX(Reference!$A$6:$A$11,MIN(5,MATCH(MAX(Reference!$A$6,MIN(Reference!$A$11,MIN(D15,90))),Reference!$A$6:$A$11,1))+1)-INDEX(Reference!$A$6:$A$11,MIN(5,MATCH(MAX(Reference!$A$6,MIN(Reference!$A$11,MIN(D15,90))),Reference!$A$6:$A$11,1))))),0)+IF(2<=AE15,(AE15-2+3)*(INDEX(Reference!$B$6:$B$11,MIN(5,MATCH(MAX(Reference!$A$6,MIN(Reference!$A$11,MIN(D15,120))),Reference!$A$6:$A$11,1)))+(MAX(Reference!$A$6,MIN(Reference!$A$11,MIN(D15,120)))-INDEX(Reference!$A$6:$A$11,MIN(5,MATCH(MAX(Reference!$A$6,MIN(Reference!$A$11,MIN(D15,120))),Reference!$A$6:$A$11,1))))*(INDEX(Reference!$B$6:$B$11,MIN(5,MATCH(MAX(Reference!$A$6,MIN(Reference!$A$11,MIN(D15,120))),Reference!$A$6:$A$11,1))+1)-INDEX(Reference!$B$6:$B$11,MIN(5,MATCH(MAX(Reference!$A$6,MIN(Reference!$A$11,MIN(D15,120))),Reference!$A$6:$A$11,1))))/(INDEX(Reference!$A$6:$A$11,MIN(5,MATCH(MAX(Reference!$A$6,MIN(Reference!$A$11,MIN(D15,120))),Reference!$A$6:$A$11,1))+1)-INDEX(Reference!$A$6:$A$11,MIN(5,MATCH(MAX(Reference!$A$6,MIN(Reference!$A$11,MIN(D15,120))),Reference!$A$6:$A$11,1))))),0)+IF(3<=AE15,(AE15-3+3)*(INDEX(Reference!$B$6:$B$11,MIN(5,MATCH(MAX(Reference!$A$6,MIN(Reference!$A$11,MIN(D15,150))),Reference!$A$6:$A$11,1)))+(MAX(Reference!$A$6,MIN(Reference!$A$11,MIN(D15,150)))-INDEX(Reference!$A$6:$A$11,MIN(5,MATCH(MAX(Reference!$A$6,MIN(Reference!$A$11,MIN(D15,150))),Reference!$A$6:$A$11,1))))*(INDEX(Reference!$B$6:$B$11,MIN(5,MATCH(MAX(Reference!$A$6,MIN(Reference!$A$11,MIN(D15,150))),Reference!$A$6:$A$11,1))+1)-INDEX(Reference!$B$6:$B$11,MIN(5,MATCH(MAX(Reference!$A$6,MIN(Reference!$A$11,MIN(D15,150))),Reference!$A$6:$A$11,1))))/(INDEX(Reference!$A$6:$A$11,MIN(5,MATCH(MAX(Reference!$A$6,MIN(Reference!$A$11,MIN(D15,150))),Reference!$A$6:$A$11,1))+1)-INDEX(Reference!$A$6:$A$11,MIN(5,MATCH(MAX(Reference!$A$6,MIN(Reference!$A$11,MIN(D15,150))),Reference!$A$6:$A$11,1))))),0)+IF(4<=AE15,(AE15-4+3)*(INDEX(Reference!$B$6:$B$11,MIN(5,MATCH(MAX(Reference!$A$6,MIN(Reference!$A$11,MIN(D15,180))),Reference!$A$6:$A$11,1)))+(MAX(Reference!$A$6,MIN(Reference!$A$11,MIN(D15,180)))-INDEX(Reference!$A$6:$A$11,MIN(5,MATCH(MAX(Reference!$A$6,MIN(Reference!$A$11,MIN(D15,180))),Reference!$A$6:$A$11,1))))*(INDEX(Reference!$B$6:$B$11,MIN(5,MATCH(MAX(Reference!$A$6,MIN(Reference!$A$11,MIN(D15,180))),Reference!$A$6:$A$11,1))+1)-INDEX(Reference!$B$6:$B$11,MIN(5,MATCH(MAX(Reference!$A$6,MIN(Reference!$A$11,MIN(D15,180))),Reference!$A$6:$A$11,1))))/(INDEX(Reference!$A$6:$A$11,MIN(5,MATCH(MAX(Reference!$A$6,MIN(Reference!$A$11,MIN(D15,180))),Reference!$A$6:$A$11,1))+1)-INDEX(Reference!$A$6:$A$11,MIN(5,MATCH(MAX(Reference!$A$6,MIN(Reference!$A$11,MIN(D15,180))),Reference!$A$6:$A$11,1))))),0)+IF(5<=AE15,(AE15-5+3)*(INDEX(Reference!$B$6:$B$11,MIN(5,MATCH(MAX(Reference!$A$6,MIN(Reference!$A$11,MIN(D15,210))),Reference!$A$6:$A$11,1)))+(MAX(Reference!$A$6,MIN(Reference!$A$11,MIN(D15,210)))-INDEX(Reference!$A$6:$A$11,MIN(5,MATCH(MAX(Reference!$A$6,MIN(Reference!$A$11,MIN(D15,210))),Reference!$A$6:$A$11,1))))*(INDEX(Reference!$B$6:$B$11,MIN(5,MATCH(MAX(Reference!$A$6,MIN(Reference!$A$11,MIN(D15,210))),Reference!$A$6:$A$11,1))+1)-INDEX(Reference!$B$6:$B$11,MIN(5,MATCH(MAX(Reference!$A$6,MIN(Reference!$A$11,MIN(D15,210))),Reference!$A$6:$A$11,1))))/(INDEX(Reference!$A$6:$A$11,MIN(5,MATCH(MAX(Reference!$A$6,MIN(Reference!$A$11,MIN(D15,210))),Reference!$A$6:$A$11,1))+1)-INDEX(Reference!$A$6:$A$11,MIN(5,MATCH(MAX(Reference!$A$6,MIN(Reference!$A$11,MIN(D15,210))),Reference!$A$6:$A$11,1))))),0)+IF(6<=AE15,(AE15-6+3)*(INDEX(Reference!$B$6:$B$11,MIN(5,MATCH(MAX(Reference!$A$6,MIN(Reference!$A$11,MIN(D15,240))),Reference!$A$6:$A$11,1)))+(MAX(Reference!$A$6,MIN(Reference!$A$11,MIN(D15,240)))-INDEX(Reference!$A$6:$A$11,MIN(5,MATCH(MAX(Reference!$A$6,MIN(Reference!$A$11,MIN(D15,240))),Reference!$A$6:$A$11,1))))*(INDEX(Reference!$B$6:$B$11,MIN(5,MATCH(MAX(Reference!$A$6,MIN(Reference!$A$11,MIN(D15,240))),Reference!$A$6:$A$11,1))+1)-INDEX(Reference!$B$6:$B$11,MIN(5,MATCH(MAX(Reference!$A$6,MIN(Reference!$A$11,MIN(D15,240))),Reference!$A$6:$A$11,1))))/(INDEX(Reference!$A$6:$A$11,MIN(5,MATCH(MAX(Reference!$A$6,MIN(Reference!$A$11,MIN(D15,240))),Reference!$A$6:$A$11,1))+1)-INDEX(Reference!$A$6:$A$11,MIN(5,MATCH(MAX(Reference!$A$6,MIN(Reference!$A$11,MIN(D15,240))),Reference!$A$6:$A$11,1))))),0)+IF(7<=AE15,(AE15-7+3)*(INDEX(Reference!$B$6:$B$11,MIN(5,MATCH(MAX(Reference!$A$6,MIN(Reference!$A$11,MIN(D15,270))),Reference!$A$6:$A$11,1)))+(MAX(Reference!$A$6,MIN(Reference!$A$11,MIN(D15,270)))-INDEX(Reference!$A$6:$A$11,MIN(5,MATCH(MAX(Reference!$A$6,MIN(Reference!$A$11,MIN(D15,270))),Reference!$A$6:$A$11,1))))*(INDEX(Reference!$B$6:$B$11,MIN(5,MATCH(MAX(Reference!$A$6,MIN(Reference!$A$11,MIN(D15,270))),Reference!$A$6:$A$11,1))+1)-INDEX(Reference!$B$6:$B$11,MIN(5,MATCH(MAX(Reference!$A$6,MIN(Reference!$A$11,MIN(D15,270))),Reference!$A$6:$A$11,1))))/(INDEX(Reference!$A$6:$A$11,MIN(5,MATCH(MAX(Reference!$A$6,MIN(Reference!$A$11,MIN(D15,270))),Reference!$A$6:$A$11,1))+1)-INDEX(Reference!$A$6:$A$11,MIN(5,MATCH(MAX(Reference!$A$6,MIN(Reference!$A$11,MIN(D15,270))),Reference!$A$6:$A$11,1))))),0)+IF(8<=AE15,(AE15-8+3)*(INDEX(Reference!$B$6:$B$11,MIN(5,MATCH(MAX(Reference!$A$6,MIN(Reference!$A$11,MIN(D15,300))),Reference!$A$6:$A$11,1)))+(MAX(Reference!$A$6,MIN(Reference!$A$11,MIN(D15,300)))-INDEX(Reference!$A$6:$A$11,MIN(5,MATCH(MAX(Reference!$A$6,MIN(Reference!$A$11,MIN(D15,300))),Reference!$A$6:$A$11,1))))*(INDEX(Reference!$B$6:$B$11,MIN(5,MATCH(MAX(Reference!$A$6,MIN(Reference!$A$11,MIN(D15,300))),Reference!$A$6:$A$11,1))+1)-INDEX(Reference!$B$6:$B$11,MIN(5,MATCH(MAX(Reference!$A$6,MIN(Reference!$A$11,MIN(D15,300))),Reference!$A$6:$A$11,1))))/(INDEX(Reference!$A$6:$A$11,MIN(5,MATCH(MAX(Reference!$A$6,MIN(Reference!$A$11,MIN(D15,300))),Reference!$A$6:$A$11,1))+1)-INDEX(Reference!$A$6:$A$11,MIN(5,MATCH(MAX(Reference!$A$6,MIN(Reference!$A$11,MIN(D15,300))),Reference!$A$6:$A$11,1))))),0))/(AE15*(AE15+5)/2)),(INDEX(Reference!$B$6:$B$11,MIN(5,MATCH(MAX(Reference!$A$6,MIN(Reference!$A$11,D15)),Reference!$A$6:$A$11,1)))+(MAX(Reference!$A$6,MIN(Reference!$A$11,D15))-INDEX(Reference!$A$6:$A$11,MIN(5,MATCH(MAX(Reference!$A$6,MIN(Reference!$A$11,D15)),Reference!$A$6:$A$11,1))))*(INDEX(Reference!$B$6:$B$11,MIN(5,MATCH(MAX(Reference!$A$6,MIN(Reference!$A$11,D15)),Reference!$A$6:$A$11,1))+1)-INDEX(Reference!$B$6:$B$11,MIN(5,MATCH(MAX(Reference!$A$6,MIN(Reference!$A$11,D15)),Reference!$A$6:$A$11,1))))/(INDEX(Reference!$A$6:$A$11,MIN(5,MATCH(MAX(Reference!$A$6,MIN(Reference!$A$11,D15)),Reference!$A$6:$A$11,1))+1)-INDEX(Reference!$A$6:$A$11,MIN(5,MATCH(MAX(Reference!$A$6,MIN(Reference!$A$11,D15)),Reference!$A$6:$A$11,1)))))))) -> 1.3 | P15: =IF(N15="","",VLOOKUP(MAX(N15,0),Reference!$A$17:$B$20,2,TRUE())) -> 1 | Q15: =IF(AG15="","",AG15*IF(AF15="",1,AF15)) -> 104 | U15: =IF(S15="","",IF(T15="",S15,AVERAGE(S15,T15))) | V15: =IF(OR(U15="",M15="",M15=0),"",M15-U15) | W15: =IF(V15="","",VLOOKUP(MAX(V15,0),Reference!$A$17:$B$20,2,TRUE())) | AA15: =IF(Y15="","",IF(Z15="",Y15,AVERAGE(Y15,Z15))) | AB15: =IF(OR(AA15="",M15="",M15=0),"",M15-AA15) | AC15: =IF(AB15="","",VLOOKUP(MAX(AB15,0),Reference!$A$17:$B$20,2,TRUE())) | AE15: =IF(AND(C15="Long Toss",N(D15)>90),1+ROUNDUP((D15-90)/30,0),1) -> 1 | AF15: =IF(OR(A15="",B15="",AND(C15<>"Bullpen",C15<>"Game")),"",IF((COUNTIFS($B$5:$B$300,B15,$A$5:$A$300,A15-1,$C$5:$C$300,"Bullpen",$AG$5:$AG$300,">0") + COUNTIFS($B$5:$B$300,B15,$A$5:$A$300,A15-1,$C$5:$C$300,"Game",$AG$5:$AG$300,">0"))>0,Reference!$B$119,IF((COUNTIFS($B$5:$B$300,B15,$A$5:$A$300,A15-2,$C$5:$C$300,"Bullpen",$AG$5:$AG$300,">0") + COUNTIFS($B$5:$B$300,B15,$A$5:$A$300,A15-2,$C$5:$C$300,"Game",$AG$5:$AG$300,">0"))>0,Reference!$B$120,1))) | AG15: =IF(AND(OR(I15="",O15="",P15=""),OR(R15="",W15=""),OR(X15="",AC15="")),"",IF(OR(I15="",O15="",P15=""),0,I15*O15*P15)+IF(OR(R15="",W15=""),0,R15*IFERROR(INDEX(Reference!$B$61:$B$62,MATCH("Bullpen",Reference!$A$61:$A$62,0)),0)*W15)+IF(OR(X15="",AC15=""),0,X15*(INDEX(Reference!$B$6:$B$11,MIN(5,MATCH(MAX(Reference!$A$6,MIN(Reference!$A$11,60)),Reference!$A$6:$A$11,1)))+(MAX(Reference!$A$6,MIN(Reference!$A$11,60))-INDEX(Reference!$A$6:$A$11,MIN(5,MATCH(MAX(Reference!$A$6,MIN(Reference!$A$11,60)),Reference!$A$6:$A$11,1))))*(INDEX(Reference!$B$6:$B$11,MIN(5,MATCH(MAX(Reference!$A$6,MIN(Reference!$A$11,60)),Reference!$A$6:$A$11,1))+1)-INDEX(Reference!$B$6:$B$11,MIN(5,MATCH(MAX(Reference!$A$6,MIN(Reference!$A$11,60)),Reference!$A$6:$A$11,1))))/(INDEX(Reference!$A$6:$A$11,MIN(5,MATCH(MAX(Reference!$A$6,MIN(Reference!$A$11,60)),Reference!$A$6:$A$11,1))+1)-INDEX(Reference!$A$6:$A$11,MIN(5,MATCH(MAX(Reference!$A$6,MIN(Reference!$A$11,60)),Reference!$A$6:$A$11,1)))))*AC15)) -> 104
A16: 46276 | B16: Adam Arther | C16: Moderate | D16: 120 | E16: 0.072916667 | F16: 0.086805556 | G16: =IF(OR(E16="",F16=""),"",(F16-E16)*1440) -> 20 | I16: =IF(H16<>"",H16,IF(G16="","",ROUND(G16*IFERROR(INDEX(Reference!$B$44:$B$50,MATCH(C16,Reference!$A$44:$A$50,0)),0),0))) -> 80 | J16: 75 | K16: 84 | L16: =IF(J16="","",IF(K16="",J16,AVERAGE(J16,K16))) -> 79.5 | M16: =IFERROR(INDEX(Roster!$D$5:$D$40,MATCH(B16,Roster!$A$5:$A$40,0)),"") -> 87.9 | N16: =IF(OR(L16="",M16="",M16=0),"",M16-L16) -> 8.4 | O16: =IF(OR(C16="Bullpen",C16="Game"),IFERROR(INDEX(Reference!$B$61:$B$62,MATCH(C16,Reference!$A$61:$A$62,0)),""),IF(D16="","",IF(AE16>1,((IF(1<=AE16,(AE16-1+3)*(INDEX(Reference!$B$6:$B$11,MIN(5,MATCH(MAX(Reference!$A$6,MIN(Reference!$A$11,MIN(D16,90))),Reference!$A$6:$A$11,1)))+(MAX(Reference!$A$6,MIN(Reference!$A$11,MIN(D16,90)))-INDEX(Reference!$A$6:$A$11,MIN(5,MATCH(MAX(Reference!$A$6,MIN(Reference!$A$11,MIN(D16,90))),Reference!$A$6:$A$11,1))))*(INDEX(Reference!$B$6:$B$11,MIN(5,MATCH(MAX(Reference!$A$6,MIN(Reference!$A$11,MIN(D16,90))),Reference!$A$6:$A$11,1))+1)-INDEX(Reference!$B$6:$B$11,MIN(5,MATCH(MAX(Reference!$A$6,MIN(Reference!$A$11,MIN(D16,90))),Reference!$A$6:$A$11,1))))/(INDEX(Reference!$A$6:$A$11,MIN(5,MATCH(MAX(Reference!$A$6,MIN(Reference!$A$11,MIN(D16,90))),Reference!$A$6:$A$11,1))+1)-INDEX(Reference!$A$6:$A$11,MIN(5,MATCH(MAX(Reference!$A$6,MIN(Reference!$A$11,MIN(D16,90))),Reference!$A$6:$A$11,1))))),0)+IF(2<=AE16,(AE16-2+3)*(INDEX(Reference!$B$6:$B$11,MIN(5,MATCH(MAX(Reference!$A$6,MIN(Reference!$A$11,MIN(D16,120))),Reference!$A$6:$A$11,1)))+(MAX(Reference!$A$6,MIN(Reference!$A$11,MIN(D16,120)))-INDEX(Reference!$A$6:$A$11,MIN(5,MATCH(MAX(Reference!$A$6,MIN(Reference!$A$11,MIN(D16,120))),Reference!$A$6:$A$11,1))))*(INDEX(Reference!$B$6:$B$11,MIN(5,MATCH(MAX(Reference!$A$6,MIN(Reference!$A$11,MIN(D16,120))),Reference!$A$6:$A$11,1))+1)-INDEX(Reference!$B$6:$B$11,MIN(5,MATCH(MAX(Reference!$A$6,MIN(Reference!$A$11,MIN(D16,120))),Reference!$A$6:$A$11,1))))/(INDEX(Reference!$A$6:$A$11,MIN(5,MATCH(MAX(Reference!$A$6,MIN(Reference!$A$11,MIN(D16,120))),Reference!$A$6:$A$11,1))+1)-INDEX(Reference!$A$6:$A$11,MIN(5,MATCH(MAX(Reference!$A$6,MIN(Reference!$A$11,MIN(D16,120))),Reference!$A$6:$A$11,1))))),0)+IF(3<=AE16,(AE16-3+3)*(INDEX(Reference!$B$6:$B$11,MIN(5,MATCH(MAX(Reference!$A$6,MIN(Reference!$A$11,MIN(D16,150))),Reference!$A$6:$A$11,1)))+(MAX(Reference!$A$6,MIN(Reference!$A$11,MIN(D16,150)))-INDEX(Reference!$A$6:$A$11,MIN(5,MATCH(MAX(Reference!$A$6,MIN(Reference!$A$11,MIN(D16,150))),Reference!$A$6:$A$11,1))))*(INDEX(Reference!$B$6:$B$11,MIN(5,MATCH(MAX(Reference!$A$6,MIN(Reference!$A$11,MIN(D16,150))),Reference!$A$6:$A$11,1))+1)-INDEX(Reference!$B$6:$B$11,MIN(5,MATCH(MAX(Reference!$A$6,MIN(Reference!$A$11,MIN(D16,150))),Reference!$A$6:$A$11,1))))/(INDEX(Reference!$A$6:$A$11,MIN(5,MATCH(MAX(Reference!$A$6,MIN(Reference!$A$11,MIN(D16,150))),Reference!$A$6:$A$11,1))+1)-INDEX(Reference!$A$6:$A$11,MIN(5,MATCH(MAX(Reference!$A$6,MIN(Reference!$A$11,MIN(D16,150))),Reference!$A$6:$A$11,1))))),0)+IF(4<=AE16,(AE16-4+3)*(INDEX(Reference!$B$6:$B$11,MIN(5,MATCH(MAX(Reference!$A$6,MIN(Reference!$A$11,MIN(D16,180))),Reference!$A$6:$A$11,1)))+(MAX(Reference!$A$6,MIN(Reference!$A$11,MIN(D16,180)))-INDEX(Reference!$A$6:$A$11,MIN(5,MATCH(MAX(Reference!$A$6,MIN(Reference!$A$11,MIN(D16,180))),Reference!$A$6:$A$11,1))))*(INDEX(Reference!$B$6:$B$11,MIN(5,MATCH(MAX(Reference!$A$6,MIN(Reference!$A$11,MIN(D16,180))),Reference!$A$6:$A$11,1))+1)-INDEX(Reference!$B$6:$B$11,MIN(5,MATCH(MAX(Reference!$A$6,MIN(Reference!$A$11,MIN(D16,180))),Reference!$A$6:$A$11,1))))/(INDEX(Reference!$A$6:$A$11,MIN(5,MATCH(MAX(Reference!$A$6,MIN(Reference!$A$11,MIN(D16,180))),Reference!$A$6:$A$11,1))+1)-INDEX(Reference!$A$6:$A$11,MIN(5,MATCH(MAX(Reference!$A$6,MIN(Reference!$A$11,MIN(D16,180))),Reference!$A$6:$A$11,1))))),0)+IF(5<=AE16,(AE16-5+3)*(INDEX(Reference!$B$6:$B$11,MIN(5,MATCH(MAX(Reference!$A$6,MIN(Reference!$A$11,MIN(D16,210))),Reference!$A$6:$A$11,1)))+(MAX(Reference!$A$6,MIN(Reference!$A$11,MIN(D16,210)))-INDEX(Reference!$A$6:$A$11,MIN(5,MATCH(MAX(Reference!$A$6,MIN(Reference!$A$11,MIN(D16,210))),Reference!$A$6:$A$11,1))))*(INDEX(Reference!$B$6:$B$11,MIN(5,MATCH(MAX(Reference!$A$6,MIN(Reference!$A$11,MIN(D16,210))),Reference!$A$6:$A$11,1))+1)-INDEX(Reference!$B$6:$B$11,MIN(5,MATCH(MAX(Reference!$A$6,MIN(Reference!$A$11,MIN(D16,210))),Reference!$A$6:$A$11,1))))/(INDEX(Reference!$A$6:$A$11,MIN(5,MATCH(MAX(Reference!$A$6,MIN(Reference!$A$11,MIN(D16,210))),Reference!$A$6:$A$11,1))+1)-INDEX(Reference!$A$6:$A$11,MIN(5,MATCH(MAX(Reference!$A$6,MIN(Reference!$A$11,MIN(D16,210))),Reference!$A$6:$A$11,1))))),0)+IF(6<=AE16,(AE16-6+3)*(INDEX(Reference!$B$6:$B$11,MIN(5,MATCH(MAX(Reference!$A$6,MIN(Reference!$A$11,MIN(D16,240))),Reference!$A$6:$A$11,1)))+(MAX(Reference!$A$6,MIN(Reference!$A$11,MIN(D16,240)))-INDEX(Reference!$A$6:$A$11,MIN(5,MATCH(MAX(Reference!$A$6,MIN(Reference!$A$11,MIN(D16,240))),Reference!$A$6:$A$11,1))))*(INDEX(Reference!$B$6:$B$11,MIN(5,MATCH(MAX(Reference!$A$6,MIN(Reference!$A$11,MIN(D16,240))),Reference!$A$6:$A$11,1))+1)-INDEX(Reference!$B$6:$B$11,MIN(5,MATCH(MAX(Reference!$A$6,MIN(Reference!$A$11,MIN(D16,240))),Reference!$A$6:$A$11,1))))/(INDEX(Reference!$A$6:$A$11,MIN(5,MATCH(MAX(Reference!$A$6,MIN(Reference!$A$11,MIN(D16,240))),Reference!$A$6:$A$11,1))+1)-INDEX(Reference!$A$6:$A$11,MIN(5,MATCH(MAX(Reference!$A$6,MIN(Reference!$A$11,MIN(D16,240))),Reference!$A$6:$A$11,1))))),0)+IF(7<=AE16,(AE16-7+3)*(INDEX(Reference!$B$6:$B$11,MIN(5,MATCH(MAX(Reference!$A$6,MIN(Reference!$A$11,MIN(D16,270))),Reference!$A$6:$A$11,1)))+(MAX(Reference!$A$6,MIN(Reference!$A$11,MIN(D16,270)))-INDEX(Reference!$A$6:$A$11,MIN(5,MATCH(MAX(Reference!$A$6,MIN(Reference!$A$11,MIN(D16,270))),Reference!$A$6:$A$11,1))))*(INDEX(Reference!$B$6:$B$11,MIN(5,MATCH(MAX(Reference!$A$6,MIN(Reference!$A$11,MIN(D16,270))),Reference!$A$6:$A$11,1))+1)-INDEX(Reference!$B$6:$B$11,MIN(5,MATCH(MAX(Reference!$A$6,MIN(Reference!$A$11,MIN(D16,270))),Reference!$A$6:$A$11,1))))/(INDEX(Reference!$A$6:$A$11,MIN(5,MATCH(MAX(Reference!$A$6,MIN(Reference!$A$11,MIN(D16,270))),Reference!$A$6:$A$11,1))+1)-INDEX(Reference!$A$6:$A$11,MIN(5,MATCH(MAX(Reference!$A$6,MIN(Reference!$A$11,MIN(D16,270))),Reference!$A$6:$A$11,1))))),0)+IF(8<=AE16,(AE16-8+3)*(INDEX(Reference!$B$6:$B$11,MIN(5,MATCH(MAX(Reference!$A$6,MIN(Reference!$A$11,MIN(D16,300))),Reference!$A$6:$A$11,1)))+(MAX(Reference!$A$6,MIN(Reference!$A$11,MIN(D16,300)))-INDEX(Reference!$A$6:$A$11,MIN(5,MATCH(MAX(Reference!$A$6,MIN(Reference!$A$11,MIN(D16,300))),Reference!$A$6:$A$11,1))))*(INDEX(Reference!$B$6:$B$11,MIN(5,MATCH(MAX(Reference!$A$6,MIN(Reference!$A$11,MIN(D16,300))),Reference!$A$6:$A$11,1))+1)-INDEX(Reference!$B$6:$B$11,MIN(5,MATCH(MAX(Reference!$A$6,MIN(Reference!$A$11,MIN(D16,300))),Reference!$A$6:$A$11,1))))/(INDEX(Reference!$A$6:$A$11,MIN(5,MATCH(MAX(Reference!$A$6,MIN(Reference!$A$11,MIN(D16,300))),Reference!$A$6:$A$11,1))+1)-INDEX(Reference!$A$6:$A$11,MIN(5,MATCH(MAX(Reference!$A$6,MIN(Reference!$A$11,MIN(D16,300))),Reference!$A$6:$A$11,1))))),0))/(AE16*(AE16+5)/2)),(INDEX(Reference!$B$6:$B$11,MIN(5,MATCH(MAX(Reference!$A$6,MIN(Reference!$A$11,D16)),Reference!$A$6:$A$11,1)))+(MAX(Reference!$A$6,MIN(Reference!$A$11,D16))-INDEX(Reference!$A$6:$A$11,MIN(5,MATCH(MAX(Reference!$A$6,MIN(Reference!$A$11,D16)),Reference!$A$6:$A$11,1))))*(INDEX(Reference!$B$6:$B$11,MIN(5,MATCH(MAX(Reference!$A$6,MIN(Reference!$A$11,D16)),Reference!$A$6:$A$11,1))+1)-INDEX(Reference!$B$6:$B$11,MIN(5,MATCH(MAX(Reference!$A$6,MIN(Reference!$A$11,D16)),Reference!$A$6:$A$11,1))))/(INDEX(Reference!$A$6:$A$11,MIN(5,MATCH(MAX(Reference!$A$6,MIN(Reference!$A$11,D16)),Reference!$A$6:$A$11,1))+1)-INDEX(Reference!$A$6:$A$11,MIN(5,MATCH(MAX(Reference!$A$6,MIN(Reference!$A$11,D16)),Reference!$A$6:$A$11,1)))))))) -> 1.7 | P16: =IF(N16="","",VLOOKUP(MAX(N16,0),Reference!$A$17:$B$20,2,TRUE())) -> 1 | Q16: =IF(AG16="","",AG16*IF(AF16="",1,AF16)) -> 136 | U16: =IF(S16="","",IF(T16="",S16,AVERAGE(S16,T16))) | V16: =IF(OR(U16="",M16="",M16=0),"",M16-U16) | W16: =IF(V16="","",VLOOKUP(MAX(V16,0),Reference!$A$17:$B$20,2,TRUE())) | AA16: =IF(Y16="","",IF(Z16="",Y16,AVERAGE(Y16,Z16))) | AB16: =IF(OR(AA16="",M16="",M16=0),"",M16-AA16) | AC16: =IF(AB16="","",VLOOKUP(MAX(AB16,0),Reference!$A$17:$B$20,2,TRUE())) | AE16: =IF(AND(C16="Long Toss",N(D16)>90),1+ROUNDUP((D16-90)/30,0),1) -> 1 | AF16: =IF(OR(A16="",B16="",AND(C16<>"Bullpen",C16<>"Game")),"",IF((COUNTIFS($B$5:$B$300,B16,$A$5:$A$300,A16-1,$C$5:$C$300,"Bullpen",$AG$5:$AG$300,">0") + COUNTIFS($B$5:$B$300,B16,$A$5:$A$300,A16-1,$C$5:$C$300,"Game",$AG$5:$AG$300,">0"))>0,Reference!$B$119,IF((COUNTIFS($B$5:$B$300,B16,$A$5:$A$300,A16-2,$C$5:$C$300,"Bullpen",$AG$5:$AG$300,">0") + COUNTIFS($B$5:$B$300,B16,$A$5:$A$300,A16-2,$C$5:$C$300,"Game",$AG$5:$AG$300,">0"))>0,Reference!$B$120,1))) | AG16: =IF(AND(OR(I16="",O16="",P16=""),OR(R16="",W16=""),OR(X16="",AC16="")),"",IF(OR(I16="",O16="",P16=""),0,I16*O16*P16)+IF(OR(R16="",W16=""),0,R16*IFERROR(INDEX(Reference!$B$61:$B$62,MATCH("Bullpen",Reference!$A$61:$A$62,0)),0)*W16)+IF(OR(X16="",AC16=""),0,X16*(INDEX(Reference!$B$6:$B$11,MIN(5,MATCH(MAX(Reference!$A$6,MIN(Reference!$A$11,60)),Reference!$A$6:$A$11,1)))+(MAX(Reference!$A$6,MIN(Reference!$A$11,60))-INDEX(Reference!$A$6:$A$11,MIN(5,MATCH(MAX(Reference!$A$6,MIN(Reference!$A$11,60)),Reference!$A$6:$A$11,1))))*(INDEX(Reference!$B$6:$B$11,MIN(5,MATCH(MAX(Reference!$A$6,MIN(Reference!$A$11,60)),Reference!$A$6:$A$11,1))+1)-INDEX(Reference!$B$6:$B$11,MIN(5,MATCH(MAX(Reference!$A$6,MIN(Reference!$A$11,60)),Reference!$A$6:$A$11,1))))/(INDEX(Reference!$A$6:$A$11,MIN(5,MATCH(MAX(Reference!$A$6,MIN(Reference!$A$11,60)),Reference!$A$6:$A$11,1))+1)-INDEX(Reference!$A$6:$A$11,MIN(5,MATCH(MAX(Reference!$A$6,MIN(Reference!$A$11,60)),Reference!$A$6:$A$11,1)))))*AC16)) -> 136
A17: 46277 | B17: Adam Arther | C17: No Throw | D17: 0 | G17: =IF(OR(E17="",F17=""),"",(F17-E17)*1440) | I17: =IF(H17<>"",H17,IF(G17="","",ROUND(G17*IFERROR(INDEX(Reference!$B$44:$B$50,MATCH(C17,Reference!$A$44:$A$50,0)),0),0))) | L17: =IF(J17="","",IF(K17="",J17,AVERAGE(J17,K17))) | M17: =IFERROR(INDEX(Roster!$D$5:$D$40,MATCH(B17,Roster!$A$5:$A$40,0)),"") -> 87.9 | N17: =IF(OR(L17="",M17="",M17=0),"",M17-L17) | O17: =IF(OR(C17="Bullpen",C17="Game"),IFERROR(INDEX(Reference!$B$61:$B$62,MATCH(C17,Reference!$A$61:$A$62,0)),""),IF(D17="","",IF(AE17>1,((IF(1<=AE17,(AE17-1+3)*(INDEX(Reference!$B$6:$B$11,MIN(5,MATCH(MAX(Reference!$A$6,MIN(Reference!$A$11,MIN(D17,90))),Reference!$A$6:$A$11,1)))+(MAX(Reference!$A$6,MIN(Reference!$A$11,MIN(D17,90)))-INDEX(Reference!$A$6:$A$11,MIN(5,MATCH(MAX(Reference!$A$6,MIN(Reference!$A$11,MIN(D17,90))),Reference!$A$6:$A$11,1))))*(INDEX(Reference!$B$6:$B$11,MIN(5,MATCH(MAX(Reference!$A$6,MIN(Reference!$A$11,MIN(D17,90))),Reference!$A$6:$A$11,1))+1)-INDEX(Reference!$B$6:$B$11,MIN(5,MATCH(MAX(Reference!$A$6,MIN(Reference!$A$11,MIN(D17,90))),Reference!$A$6:$A$11,1))))/(INDEX(Reference!$A$6:$A$11,MIN(5,MATCH(MAX(Reference!$A$6,MIN(Reference!$A$11,MIN(D17,90))),Reference!$A$6:$A$11,1))+1)-INDEX(Reference!$A$6:$A$11,MIN(5,MATCH(MAX(Reference!$A$6,MIN(Reference!$A$11,MIN(D17,90))),Reference!$A$6:$A$11,1))))),0)+IF(2<=AE17,(AE17-2+3)*(INDEX(Reference!$B$6:$B$11,MIN(5,MATCH(MAX(Reference!$A$6,MIN(Reference!$A$11,MIN(D17,120))),Reference!$A$6:$A$11,1)))+(MAX(Reference!$A$6,MIN(Reference!$A$11,MIN(D17,120)))-INDEX(Reference!$A$6:$A$11,MIN(5,MATCH(MAX(Reference!$A$6,MIN(Reference!$A$11,MIN(D17,120))),Reference!$A$6:$A$11,1))))*(INDEX(Reference!$B$6:$B$11,MIN(5,MATCH(MAX(Reference!$A$6,MIN(Reference!$A$11,MIN(D17,120))),Reference!$A$6:$A$11,1))+1)-INDEX(Reference!$B$6:$B$11,MIN(5,MATCH(MAX(Reference!$A$6,MIN(Reference!$A$11,MIN(D17,120))),Reference!$A$6:$A$11,1))))/(INDEX(Reference!$A$6:$A$11,MIN(5,MATCH(MAX(Reference!$A$6,MIN(Reference!$A$11,MIN(D17,120))),Reference!$A$6:$A$11,1))+1)-INDEX(Reference!$A$6:$A$11,MIN(5,MATCH(MAX(Reference!$A$6,MIN(Reference!$A$11,MIN(D17,120))),Reference!$A$6:$A$11,1))))),0)+IF(3<=AE17,(AE17-3+3)*(INDEX(Reference!$B$6:$B$11,MIN(5,MATCH(MAX(Reference!$A$6,MIN(Reference!$A$11,MIN(D17,150))),Reference!$A$6:$A$11,1)))+(MAX(Reference!$A$6,MIN(Reference!$A$11,MIN(D17,150)))-INDEX(Reference!$A$6:$A$11,MIN(5,MATCH(MAX(Reference!$A$6,MIN(Reference!$A$11,MIN(D17,150))),Reference!$A$6:$A$11,1))))*(INDEX(Reference!$B$6:$B$11,MIN(5,MATCH(MAX(Reference!$A$6,MIN(Reference!$A$11,MIN(D17,150))),Reference!$A$6:$A$11,1))+1)-INDEX(Reference!$B$6:$B$11,MIN(5,MATCH(MAX(Reference!$A$6,MIN(Reference!$A$11,MIN(D17,150))),Reference!$A$6:$A$11,1))))/(INDEX(Reference!$A$6:$A$11,MIN(5,MATCH(MAX(Reference!$A$6,MIN(Reference!$A$11,MIN(D17,150))),Reference!$A$6:$A$11,1))+1)-INDEX(Reference!$A$6:$A$11,MIN(5,MATCH(MAX(Reference!$A$6,MIN(Reference!$A$11,MIN(D17,150))),Reference!$A$6:$A$11,1))))),0)+IF(4<=AE17,(AE17-4+3)*(INDEX(Reference!$B$6:$B$11,MIN(5,MATCH(MAX(Reference!$A$6,MIN(Reference!$A$11,MIN(D17,180))),Reference!$A$6:$A$11,1)))+(MAX(Reference!$A$6,MIN(Reference!$A$11,MIN(D17,180)))-INDEX(Reference!$A$6:$A$11,MIN(5,MATCH(MAX(Reference!$A$6,MIN(Reference!$A$11,MIN(D17,180))),Reference!$A$6:$A$11,1))))*(INDEX(Reference!$B$6:$B$11,MIN(5,MATCH(MAX(Reference!$A$6,MIN(Reference!$A$11,MIN(D17,180))),Reference!$A$6:$A$11,1))+1)-INDEX(Reference!$B$6:$B$11,MIN(5,MATCH(MAX(Reference!$A$6,MIN(Reference!$A$11,MIN(D17,180))),Reference!$A$6:$A$11,1))))/(INDEX(Reference!$A$6:$A$11,MIN(5,MATCH(MAX(Reference!$A$6,MIN(Reference!$A$11,MIN(D17,180))),Reference!$A$6:$A$11,1))+1)-INDEX(Reference!$A$6:$A$11,MIN(5,MATCH(MAX(Reference!$A$6,MIN(Reference!$A$11,MIN(D17,180))),Reference!$A$6:$A$11,1))))),0)+IF(5<=AE17,(AE17-5+3)*(INDEX(Reference!$B$6:$B$11,MIN(5,MATCH(MAX(Reference!$A$6,MIN(Reference!$A$11,MIN(D17,210))),Reference!$A$6:$A$11,1)))+(MAX(Reference!$A$6,MIN(Reference!$A$11,MIN(D17,210)))-INDEX(Reference!$A$6:$A$11,MIN(5,MATCH(MAX(Reference!$A$6,MIN(Reference!$A$11,MIN(D17,210))),Reference!$A$6:$A$11,1))))*(INDEX(Reference!$B$6:$B$11,MIN(5,MATCH(MAX(Reference!$A$6,MIN(Reference!$A$11,MIN(D17,210))),Reference!$A$6:$A$11,1))+1)-INDEX(Reference!$B$6:$B$11,MIN(5,MATCH(MAX(Reference!$A$6,MIN(Reference!$A$11,MIN(D17,210))),Reference!$A$6:$A$11,1))))/(INDEX(Reference!$A$6:$A$11,MIN(5,MATCH(MAX(Reference!$A$6,MIN(Reference!$A$11,MIN(D17,210))),Reference!$A$6:$A$11,1))+1)-INDEX(Reference!$A$6:$A$11,MIN(5,MATCH(MAX(Reference!$A$6,MIN(Reference!$A$11,MIN(D17,210))),Reference!$A$6:$A$11,1))))),0)+IF(6<=AE17,(AE17-6+3)*(INDEX(Reference!$B$6:$B$11,MIN(5,MATCH(MAX(Reference!$A$6,MIN(Reference!$A$11,MIN(D17,240))),Reference!$A$6:$A$11,1)))+(MAX(Reference!$A$6,MIN(Reference!$A$11,MIN(D17,240)))-INDEX(Reference!$A$6:$A$11,MIN(5,MATCH(MAX(Reference!$A$6,MIN(Reference!$A$11,MIN(D17,240))),Reference!$A$6:$A$11,1))))*(INDEX(Reference!$B$6:$B$11,MIN(5,MATCH(MAX(Reference!$A$6,MIN(Reference!$A$11,MIN(D17,240))),Reference!$A$6:$A$11,1))+1)-INDEX(Reference!$B$6:$B$11,MIN(5,MATCH(MAX(Reference!$A$6,MIN(Reference!$A$11,MIN(D17,240))),Reference!$A$6:$A$11,1))))/(INDEX(Reference!$A$6:$A$11,MIN(5,MATCH(MAX(Reference!$A$6,MIN(Reference!$A$11,MIN(D17,240))),Reference!$A$6:$A$11,1))+1)-INDEX(Reference!$A$6:$A$11,MIN(5,MATCH(MAX(Reference!$A$6,MIN(Reference!$A$11,MIN(D17,240))),Reference!$A$6:$A$11,1))))),0)+IF(7<=AE17,(AE17-7+3)*(INDEX(Reference!$B$6:$B$11,MIN(5,MATCH(MAX(Reference!$A$6,MIN(Reference!$A$11,MIN(D17,270))),Reference!$A$6:$A$11,1)))+(MAX(Reference!$A$6,MIN(Reference!$A$11,MIN(D17,270)))-INDEX(Reference!$A$6:$A$11,MIN(5,MATCH(MAX(Reference!$A$6,MIN(Reference!$A$11,MIN(D17,270))),Reference!$A$6:$A$11,1))))*(INDEX(Reference!$B$6:$B$11,MIN(5,MATCH(MAX(Reference!$A$6,MIN(Reference!$A$11,MIN(D17,270))),Reference!$A$6:$A$11,1))+1)-INDEX(Reference!$B$6:$B$11,MIN(5,MATCH(MAX(Reference!$A$6,MIN(Reference!$A$11,MIN(D17,270))),Reference!$A$6:$A$11,1))))/(INDEX(Reference!$A$6:$A$11,MIN(5,MATCH(MAX(Reference!$A$6,MIN(Reference!$A$11,MIN(D17,270))),Reference!$A$6:$A$11,1))+1)-INDEX(Reference!$A$6:$A$11,MIN(5,MATCH(MAX(Reference!$A$6,MIN(Reference!$A$11,MIN(D17,270))),Reference!$A$6:$A$11,1))))),0)+IF(8<=AE17,(AE17-8+3)*(INDEX(Reference!$B$6:$B$11,MIN(5,MATCH(MAX(Reference!$A$6,MIN(Reference!$A$11,MIN(D17,300))),Reference!$A$6:$A$11,1)))+(MAX(Reference!$A$6,MIN(Reference!$A$11,MIN(D17,300)))-INDEX(Reference!$A$6:$A$11,MIN(5,MATCH(MAX(Reference!$A$6,MIN(Reference!$A$11,MIN(D17,300))),Reference!$A$6:$A$11,1))))*(INDEX(Reference!$B$6:$B$11,MIN(5,MATCH(MAX(Reference!$A$6,MIN(Reference!$A$11,MIN(D17,300))),Reference!$A$6:$A$11,1))+1)-INDEX(Reference!$B$6:$B$11,MIN(5,MATCH(MAX(Reference!$A$6,MIN(Reference!$A$11,MIN(D17,300))),Reference!$A$6:$A$11,1))))/(INDEX(Reference!$A$6:$A$11,MIN(5,MATCH(MAX(Reference!$A$6,MIN(Reference!$A$11,MIN(D17,300))),Reference!$A$6:$A$11,1))+1)-INDEX(Reference!$A$6:$A$11,MIN(5,MATCH(MAX(Reference!$A$6,MIN(Reference!$A$11,MIN(D17,300))),Reference!$A$6:$A$11,1))))),0))/(AE17*(AE17+5)/2)),(INDEX(Reference!$B$6:$B$11,MIN(5,MATCH(MAX(Reference!$A$6,MIN(Reference!$A$11,D17)),Reference!$A$6:$A$11,1)))+(MAX(Reference!$A$6,MIN(Reference!$A$11,D17))-INDEX(Reference!$A$6:$A$11,MIN(5,MATCH(MAX(Reference!$A$6,MIN(Reference!$A$11,D17)),Reference!$A$6:$A$11,1))))*(INDEX(Reference!$B$6:$B$11,MIN(5,MATCH(MAX(Reference!$A$6,MIN(Reference!$A$11,D17)),Reference!$A$6:$A$11,1))+1)-INDEX(Reference!$B$6:$B$11,MIN(5,MATCH(MAX(Reference!$A$6,MIN(Reference!$A$11,D17)),Reference!$A$6:$A$11,1))))/(INDEX(Reference!$A$6:$A$11,MIN(5,MATCH(MAX(Reference!$A$6,MIN(Reference!$A$11,D17)),Reference!$A$6:$A$11,1))+1)-INDEX(Reference!$A$6:$A$11,MIN(5,MATCH(MAX(Reference!$A$6,MIN(Reference!$A$11,D17)),Reference!$A$6:$A$11,1)))))))) -> 1 | P17: =IF(N17="","",VLOOKUP(MAX(N17,0),Reference!$A$17:$B$20,2,TRUE())) | Q17: =IF(AG17="","",AG17*IF(AF17="",1,AF17)) | U17: =IF(S17="","",IF(T17="",S17,AVERAGE(S17,T17))) | V17: =IF(OR(U17="",M17="",M17=0),"",M17-U17) | W17: =IF(V17="","",VLOOKUP(MAX(V17,0),Reference!$A$17:$B$20,2,TRUE())) | AA17: =IF(Y17="","",IF(Z17="",Y17,AVERAGE(Y17,Z17))) | AB17: =IF(OR(AA17="",M17="",M17=0),"",M17-AA17) | AC17: =IF(AB17="","",VLOOKUP(MAX(AB17,0),Reference!$A$17:$B$20,2,TRUE())) | AE17: =IF(AND(C17="Long Toss",N(D17)>90),1+ROUNDUP((D17-90)/30,0),1) -> 1 | AF17: =IF(OR(A17="",B17="",AND(C17<>"Bullpen",C17<>"Game")),"",IF((COUNTIFS($B$5:$B$300,B17,$A$5:$A$300,A17-1,$C$5:$C$300,"Bullpen",$AG$5:$AG$300,">0") + COUNTIFS($B$5:$B$300,B17,$A$5:$A$300,A17-1,$C$5:$C$300,"Game",$AG$5:$AG$300,">0"))>0,Reference!$B$119,IF((COUNTIFS($B$5:$B$300,B17,$A$5:$A$300,A17-2,$C$5:$C$300,"Bullpen",$AG$5:$AG$300,">0") + COUNTIFS($B$5:$B$300,B17,$A$5:$A$300,A17-2,$C$5:$C$300,"Game",$AG$5:$AG$300,">0"))>0,Reference!$B$120,1))) | AG17: =IF(AND(OR(I17="",O17="",P17=""),OR(R17="",W17=""),OR(X17="",AC17="")),"",IF(OR(I17="",O17="",P17=""),0,I17*O17*P17)+IF(OR(R17="",W17=""),0,R17*IFERROR(INDEX(Reference!$B$61:$B$62,MATCH("Bullpen",Reference!$A$61:$A$62,0)),0)*W17)+IF(OR(X17="",AC17=""),0,X17*(INDEX(Reference!$B$6:$B$11,MIN(5,MATCH(MAX(Reference!$A$6,MIN(Reference!$A$11,60)),Reference!$A$6:$A$11,1)))+(MAX(Reference!$A$6,MIN(Reference!$A$11,60))-INDEX(Reference!$A$6:$A$11,MIN(5,MATCH(MAX(Reference!$A$6,MIN(Reference!$A$11,60)),Reference!$A$6:$A$11,1))))*(INDEX(Reference!$B$6:$B$11,MIN(5,MATCH(MAX(Reference!$A$6,MIN(Reference!$A$11,60)),Reference!$A$6:$A$11,1))+1)-INDEX(Reference!$B$6:$B$11,MIN(5,MATCH(MAX(Reference!$A$6,MIN(Reference!$A$11,60)),Reference!$A$6:$A$11,1))))/(INDEX(Reference!$A$6:$A$11,MIN(5,MATCH(MAX(Reference!$A$6,MIN(Reference!$A$11,60)),Reference!$A$6:$A$11,1))+1)-INDEX(Reference!$A$6:$A$11,MIN(5,MATCH(MAX(Reference!$A$6,MIN(Reference!$A$11,60)),Reference!$A$6:$A$11,1)))))*AC17))
A18: 46278 | B18: Adam Arther | C18: Recovery/Easy Catch | D18: 75 | E18: 0.072916667 | F18: 0.079861111 | G18: =IF(OR(E18="",F18=""),"",(F18-E18)*1440) -> 10 | I18: =IF(H18<>"",H18,IF(G18="","",ROUND(G18*IFERROR(INDEX(Reference!$B$44:$B$50,MATCH(C18,Reference!$A$44:$A$50,0)),0),0))) -> 55 | J18: 72 | K18: 75 | L18: =IF(J18="","",IF(K18="",J18,AVERAGE(J18,K18))) -> 73.5 | M18: =IFERROR(INDEX(Roster!$D$5:$D$40,MATCH(B18,Roster!$A$5:$A$40,0)),"") -> 87.9 | N18: =IF(OR(L18="",M18="",M18=0),"",M18-L18) -> 14.4 | O18: =IF(OR(C18="Bullpen",C18="Game"),IFERROR(INDEX(Reference!$B$61:$B$62,MATCH(C18,Reference!$A$61:$A$62,0)),""),IF(D18="","",IF(AE18>1,((IF(1<=AE18,(AE18-1+3)*(INDEX(Reference!$B$6:$B$11,MIN(5,MATCH(MAX(Reference!$A$6,MIN(Reference!$A$11,MIN(D18,90))),Reference!$A$6:$A$11,1)))+(MAX(Reference!$A$6,MIN(Reference!$A$11,MIN(D18,90)))-INDEX(Reference!$A$6:$A$11,MIN(5,MATCH(MAX(Reference!$A$6,MIN(Reference!$A$11,MIN(D18,90))),Reference!$A$6:$A$11,1))))*(INDEX(Reference!$B$6:$B$11,MIN(5,MATCH(MAX(Reference!$A$6,MIN(Reference!$A$11,MIN(D18,90))),Reference!$A$6:$A$11,1))+1)-INDEX(Reference!$B$6:$B$11,MIN(5,MATCH(MAX(Reference!$A$6,MIN(Reference!$A$11,MIN(D18,90))),Reference!$A$6:$A$11,1))))/(INDEX(Reference!$A$6:$A$11,MIN(5,MATCH(MAX(Reference!$A$6,MIN(Reference!$A$11,MIN(D18,90))),Reference!$A$6:$A$11,1))+1)-INDEX(Reference!$A$6:$A$11,MIN(5,MATCH(MAX(Reference!$A$6,MIN(Reference!$A$11,MIN(D18,90))),Reference!$A$6:$A$11,1))))),0)+IF(2<=AE18,(AE18-2+3)*(INDEX(Reference!$B$6:$B$11,MIN(5,MATCH(MAX(Reference!$A$6,MIN(Reference!$A$11,MIN(D18,120))),Reference!$A$6:$A$11,1)))+(MAX(Reference!$A$6,MIN(Reference!$A$11,MIN(D18,120)))-INDEX(Reference!$A$6:$A$11,MIN(5,MATCH(MAX(Reference!$A$6,MIN(Reference!$A$11,MIN(D18,120))),Reference!$A$6:$A$11,1))))*(INDEX(Reference!$B$6:$B$11,MIN(5,MATCH(MAX(Reference!$A$6,MIN(Reference!$A$11,MIN(D18,120))),Reference!$A$6:$A$11,1))+1)-INDEX(Reference!$B$6:$B$11,MIN(5,MATCH(MAX(Reference!$A$6,MIN(Reference!$A$11,MIN(D18,120))),Reference!$A$6:$A$11,1))))/(INDEX(Reference!$A$6:$A$11,MIN(5,MATCH(MAX(Reference!$A$6,MIN(Reference!$A$11,MIN(D18,120))),Reference!$A$6:$A$11,1))+1)-INDEX(Reference!$A$6:$A$11,MIN(5,MATCH(MAX(Reference!$A$6,MIN(Reference!$A$11,MIN(D18,120))),Reference!$A$6:$A$11,1))))),0)+IF(3<=AE18,(AE18-3+3)*(INDEX(Reference!$B$6:$B$11,MIN(5,MATCH(MAX(Reference!$A$6,MIN(Reference!$A$11,MIN(D18,150))),Reference!$A$6:$A$11,1)))+(MAX(Reference!$A$6,MIN(Reference!$A$11,MIN(D18,150)))-INDEX(Reference!$A$6:$A$11,MIN(5,MATCH(MAX(Reference!$A$6,MIN(Reference!$A$11,MIN(D18,150))),Reference!$A$6:$A$11,1))))*(INDEX(Reference!$B$6:$B$11,MIN(5,MATCH(MAX(Reference!$A$6,MIN(Reference!$A$11,MIN(D18,150))),Reference!$A$6:$A$11,1))+1)-INDEX(Reference!$B$6:$B$11,MIN(5,MATCH(MAX(Reference!$A$6,MIN(Reference!$A$11,MIN(D18,150))),Reference!$A$6:$A$11,1))))/(INDEX(Reference!$A$6:$A$11,MIN(5,MATCH(MAX(Reference!$A$6,MIN(Reference!$A$11,MIN(D18,150))),Reference!$A$6:$A$11,1))+1)-INDEX(Reference!$A$6:$A$11,MIN(5,MATCH(MAX(Reference!$A$6,MIN(Reference!$A$11,MIN(D18,150))),Reference!$A$6:$A$11,1))))),0)+IF(4<=AE18,(AE18-4+3)*(INDEX(Reference!$B$6:$B$11,MIN(5,MATCH(MAX(Reference!$A$6,MIN(Reference!$A$11,MIN(D18,180))),Reference!$A$6:$A$11,1)))+(MAX(Reference!$A$6,MIN(Reference!$A$11,MIN(D18,180)))-INDEX(Reference!$A$6:$A$11,MIN(5,MATCH(MAX(Reference!$A$6,MIN(Reference!$A$11,MIN(D18,180))),Reference!$A$6:$A$11,1))))*(INDEX(Reference!$B$6:$B$11,MIN(5,MATCH(MAX(Reference!$A$6,MIN(Reference!$A$11,MIN(D18,180))),Reference!$A$6:$A$11,1))+1)-INDEX(Reference!$B$6:$B$11,MIN(5,MATCH(MAX(Reference!$A$6,MIN(Reference!$A$11,MIN(D18,180))),Reference!$A$6:$A$11,1))))/(INDEX(Reference!$A$6:$A$11,MIN(5,MATCH(MAX(Reference!$A$6,MIN(Reference!$A$11,MIN(D18,180))),Reference!$A$6:$A$11,1))+1)-INDEX(Reference!$A$6:$A$11,MIN(5,MATCH(MAX(Reference!$A$6,MIN(Reference!$A$11,MIN(D18,180))),Reference!$A$6:$A$11,1))))),0)+IF(5<=AE18,(AE18-5+3)*(INDEX(Reference!$B$6:$B$11,MIN(5,MATCH(MAX(Reference!$A$6,MIN(Reference!$A$11,MIN(D18,210))),Reference!$A$6:$A$11,1)))+(MAX(Reference!$A$6,MIN(Reference!$A$11,MIN(D18,210)))-INDEX(Reference!$A$6:$A$11,MIN(5,MATCH(MAX(Reference!$A$6,MIN(Reference!$A$11,MIN(D18,210))),Reference!$A$6:$A$11,1))))*(INDEX(Reference!$B$6:$B$11,MIN(5,MATCH(MAX(Reference!$A$6,MIN(Reference!$A$11,MIN(D18,210))),Reference!$A$6:$A$11,1))+1)-INDEX(Reference!$B$6:$B$11,MIN(5,MATCH(MAX(Reference!$A$6,MIN(Reference!$A$11,MIN(D18,210))),Reference!$A$6:$A$11,1))))/(INDEX(Reference!$A$6:$A$11,MIN(5,MATCH(MAX(Reference!$A$6,MIN(Reference!$A$11,MIN(D18,210))),Reference!$A$6:$A$11,1))+1)-INDEX(Reference!$A$6:$A$11,MIN(5,MATCH(MAX(Reference!$A$6,MIN(Reference!$A$11,MIN(D18,210))),Reference!$A$6:$A$11,1))))),0)+IF(6<=AE18,(AE18-6+3)*(INDEX(Reference!$B$6:$B$11,MIN(5,MATCH(MAX(Reference!$A$6,MIN(Reference!$A$11,MIN(D18,240))),Reference!$A$6:$A$11,1)))+(MAX(Reference!$A$6,MIN(Reference!$A$11,MIN(D18,240)))-INDEX(Reference!$A$6:$A$11,MIN(5,MATCH(MAX(Reference!$A$6,MIN(Reference!$A$11,MIN(D18,240))),Reference!$A$6:$A$11,1))))*(INDEX(Reference!$B$6:$B$11,MIN(5,MATCH(MAX(Reference!$A$6,MIN(Reference!$A$11,MIN(D18,240))),Reference!$A$6:$A$11,1))+1)-INDEX(Reference!$B$6:$B$11,MIN(5,MATCH(MAX(Reference!$A$6,MIN(Reference!$A$11,MIN(D18,240))),Reference!$A$6:$A$11,1))))/(INDEX(Reference!$A$6:$A$11,MIN(5,MATCH(MAX(Reference!$A$6,MIN(Reference!$A$11,MIN(D18,240))),Reference!$A$6:$A$11,1))+1)-INDEX(Reference!$A$6:$A$11,MIN(5,MATCH(MAX(Reference!$A$6,MIN(Reference!$A$11,MIN(D18,240))),Reference!$A$6:$A$11,1))))),0)+IF(7<=AE18,(AE18-7+3)*(INDEX(Reference!$B$6:$B$11,MIN(5,MATCH(MAX(Reference!$A$6,MIN(Reference!$A$11,MIN(D18,270))),Reference!$A$6:$A$11,1)))+(MAX(Reference!$A$6,MIN(Reference!$A$11,MIN(D18,270)))-INDEX(Reference!$A$6:$A$11,MIN(5,MATCH(MAX(Reference!$A$6,MIN(Reference!$A$11,MIN(D18,270))),Reference!$A$6:$A$11,1))))*(INDEX(Reference!$B$6:$B$11,MIN(5,MATCH(MAX(Reference!$A$6,MIN(Reference!$A$11,MIN(D18,270))),Reference!$A$6:$A$11,1))+1)-INDEX(Reference!$B$6:$B$11,MIN(5,MATCH(MAX(Reference!$A$6,MIN(Reference!$A$11,MIN(D18,270))),Reference!$A$6:$A$11,1))))/(INDEX(Reference!$A$6:$A$11,MIN(5,MATCH(MAX(Reference!$A$6,MIN(Reference!$A$11,MIN(D18,270))),Reference!$A$6:$A$11,1))+1)-INDEX(Reference!$A$6:$A$11,MIN(5,MATCH(MAX(Reference!$A$6,MIN(Reference!$A$11,MIN(D18,270))),Reference!$A$6:$A$11,1))))),0)+IF(8<=AE18,(AE18-8+3)*(INDEX(Reference!$B$6:$B$11,MIN(5,MATCH(MAX(Reference!$A$6,MIN(Reference!$A$11,MIN(D18,300))),Reference!$A$6:$A$11,1)))+(MAX(Reference!$A$6,MIN(Reference!$A$11,MIN(D18,300)))-INDEX(Reference!$A$6:$A$11,MIN(5,MATCH(MAX(Reference!$A$6,MIN(Reference!$A$11,MIN(D18,300))),Reference!$A$6:$A$11,1))))*(INDEX(Reference!$B$6:$B$11,MIN(5,MATCH(MAX(Reference!$A$6,MIN(Reference!$A$11,MIN(D18,300))),Reference!$A$6:$A$11,1))+1)-INDEX(Reference!$B$6:$B$11,MIN(5,MATCH(MAX(Reference!$A$6,MIN(Reference!$A$11,MIN(D18,300))),Reference!$A$6:$A$11,1))))/(INDEX(Reference!$A$6:$A$11,MIN(5,MATCH(MAX(Reference!$A$6,MIN(Reference!$A$11,MIN(D18,300))),Reference!$A$6:$A$11,1))+1)-INDEX(Reference!$A$6:$A$11,MIN(5,MATCH(MAX(Reference!$A$6,MIN(Reference!$A$11,MIN(D18,300))),Reference!$A$6:$A$11,1))))),0))/(AE18*(AE18+5)/2)),(INDEX(Reference!$B$6:$B$11,MIN(5,MATCH(MAX(Reference!$A$6,MIN(Reference!$A$11,D18)),Reference!$A$6:$A$11,1)))+(MAX(Reference!$A$6,MIN(Reference!$A$11,D18))-INDEX(Reference!$A$6:$A$11,MIN(5,MATCH(MAX(Reference!$A$6,MIN(Reference!$A$11,D18)),Reference!$A$6:$A$11,1))))*(INDEX(Reference!$B$6:$B$11,MIN(5,MATCH(MAX(Reference!$A$6,MIN(Reference!$A$11,D18)),Reference!$A$6:$A$11,1))+1)-INDEX(Reference!$B$6:$B$11,MIN(5,MATCH(MAX(Reference!$A$6,MIN(Reference!$A$11,D18)),Reference!$A$6:$A$11,1))))/(INDEX(Reference!$A$6:$A$11,MIN(5,MATCH(MAX(Reference!$A$6,MIN(Reference!$A$11,D18)),Reference!$A$6:$A$11,1))+1)-INDEX(Reference!$A$6:$A$11,MIN(5,MATCH(MAX(Reference!$A$6,MIN(Reference!$A$11,D18)),Reference!$A$6:$A$11,1)))))))) -> 1.15 | P18: =IF(N18="","",VLOOKUP(MAX(N18,0),Reference!$A$17:$B$20,2,TRUE())) -> 0.6 | Q18: =IF(AG18="","",AG18*IF(AF18="",1,AF18)) -> 37.95 | U18: =IF(S18="","",IF(T18="",S18,AVERAGE(S18,T18))) | V18: =IF(OR(U18="",M18="",M18=0),"",M18-U18) | W18: =IF(V18="","",VLOOKUP(MAX(V18,0),Reference!$A$17:$B$20,2,TRUE())) | AA18: =IF(Y18="","",IF(Z18="",Y18,AVERAGE(Y18,Z18))) | AB18: =IF(OR(AA18="",M18="",M18=0),"",M18-AA18) | AC18: =IF(AB18="","",VLOOKUP(MAX(AB18,0),Reference!$A$17:$B$20,2,TRUE())) | AE18: =IF(AND(C18="Long Toss",N(D18)>90),1+ROUNDUP((D18-90)/30,0),1) -> 1 | AF18: =IF(OR(A18="",B18="",AND(C18<>"Bullpen",C18<>"Game")),"",IF((COUNTIFS($B$5:$B$300,B18,$A$5:$A$300,A18-1,$C$5:$C$300,"Bullpen",$AG$5:$AG$300,">0") + COUNTIFS($B$5:$B$300,B18,$A$5:$A$300,A18-1,$C$5:$C$300,"Game",$AG$5:$AG$300,">0"))>0,Reference!$B$119,IF((COUNTIFS($B$5:$B$300,B18,$A$5:$A$300,A18-2,$C$5:$C$300,"Bullpen",$AG$5:$AG$300,">0") + COUNTIFS($B$5:$B$300,B18,$A$5:$A$300,A18-2,$C$5:$C$300,"Game",$AG$5:$AG$300,">0"))>0,Reference!$B$120,1))) | AG18: =IF(AND(OR(I18="",O18="",P18=""),OR(R18="",W18=""),OR(X18="",AC18="")),"",IF(OR(I18="",O18="",P18=""),0,I18*O18*P18)+IF(OR(R18="",W18=""),0,R18*IFERROR(INDEX(Reference!$B$61:$B$62,MATCH("Bullpen",Reference!$A$61:$A$62,0)),0)*W18)+IF(OR(X18="",AC18=""),0,X18*(INDEX(Reference!$B$6:$B$11,MIN(5,MATCH(MAX(Reference!$A$6,MIN(Reference!$A$11,60)),Reference!$A$6:$A$11,1)))+(MAX(Reference!$A$6,MIN(Reference!$A$11,60))-INDEX(Reference!$A$6:$A$11,MIN(5,MATCH(MAX(Reference!$A$6,MIN(Reference!$A$11,60)),Reference!$A$6:$A$11,1))))*(INDEX(Reference!$B$6:$B$11,MIN(5,MATCH(MAX(Reference!$A$6,MIN(Reference!$A$11,60)),Reference!$A$6:$A$11,1))+1)-INDEX(Reference!$B$6:$B$11,MIN(5,MATCH(MAX(Reference!$A$6,MIN(Reference!$A$11,60)),Reference!$A$6:$A$11,1))))/(INDEX(Reference!$A$6:$A$11,MIN(5,MATCH(MAX(Reference!$A$6,MIN(Reference!$A$11,60)),Reference!$A$6:$A$11,1))+1)-INDEX(Reference!$A$6:$A$11,MIN(5,MATCH(MAX(Reference!$A$6,MIN(Reference!$A$11,60)),Reference!$A$6:$A$11,1)))))*AC18)) -> 37.95
A19: 46279 | B19: Adam Arther | C19: Bullpen | E19: 0.072916667 | G19: =IF(OR(E19="",F19=""),"",(F19-E19)*1440) | H19: 23 | I19: =IF(H19<>"",H19,IF(G19="","",ROUND(G19*IFERROR(INDEX(Reference!$B$44:$B$50,MATCH(C19,Reference!$A$44:$A$50,0)),0),0))) -> 23 | J19: 84 | K19: 86 | L19: =IF(J19="","",IF(K19="",J19,AVERAGE(J19,K19))) -> 85 | M19: =IFERROR(INDEX(Roster!$D$5:$D$40,MATCH(B19,Roster!$A$5:$A$40,0)),"") -> 87.9 | N19: =IF(OR(L19="",M19="",M19=0),"",M19-L19) -> 2.9 | O19: =IF(OR(C19="Bullpen",C19="Game"),IFERROR(INDEX(Reference!$B$61:$B$62,MATCH(C19,Reference!$A$61:$A$62,0)),""),IF(D19="","",IF(AE19>1,((IF(1<=AE19,(AE19-1+3)*(INDEX(Reference!$B$6:$B$11,MIN(5,MATCH(MAX(Reference!$A$6,MIN(Reference!$A$11,MIN(D19,90))),Reference!$A$6:$A$11,1)))+(MAX(Reference!$A$6,MIN(Reference!$A$11,MIN(D19,90)))-INDEX(Reference!$A$6:$A$11,MIN(5,MATCH(MAX(Reference!$A$6,MIN(Reference!$A$11,MIN(D19,90))),Reference!$A$6:$A$11,1))))*(INDEX(Reference!$B$6:$B$11,MIN(5,MATCH(MAX(Reference!$A$6,MIN(Reference!$A$11,MIN(D19,90))),Reference!$A$6:$A$11,1))+1)-INDEX(Reference!$B$6:$B$11,MIN(5,MATCH(MAX(Reference!$A$6,MIN(Reference!$A$11,MIN(D19,90))),Reference!$A$6:$A$11,1))))/(INDEX(Reference!$A$6:$A$11,MIN(5,MATCH(MAX(Reference!$A$6,MIN(Reference!$A$11,MIN(D19,90))),Reference!$A$6:$A$11,1))+1)-INDEX(Reference!$A$6:$A$11,MIN(5,MATCH(MAX(Reference!$A$6,MIN(Reference!$A$11,MIN(D19,90))),Reference!$A$6:$A$11,1))))),0)+IF(2<=AE19,(AE19-2+3)*(INDEX(Reference!$B$6:$B$11,MIN(5,MATCH(MAX(Reference!$A$6,MIN(Reference!$A$11,MIN(D19,120))),Reference!$A$6:$A$11,1)))+(MAX(Reference!$A$6,MIN(Reference!$A$11,MIN(D19,120)))-INDEX(Reference!$A$6:$A$11,MIN(5,MATCH(MAX(Reference!$A$6,MIN(Reference!$A$11,MIN(D19,120))),Reference!$A$6:$A$11,1))))*(INDEX(Reference!$B$6:$B$11,MIN(5,MATCH(MAX(Reference!$A$6,MIN(Reference!$A$11,MIN(D19,120))),Reference!$A$6:$A$11,1))+1)-INDEX(Reference!$B$6:$B$11,MIN(5,MATCH(MAX(Reference!$A$6,MIN(Reference!$A$11,MIN(D19,120))),Reference!$A$6:$A$11,1))))/(INDEX(Reference!$A$6:$A$11,MIN(5,MATCH(MAX(Reference!$A$6,MIN(Reference!$A$11,MIN(D19,120))),Reference!$A$6:$A$11,1))+1)-INDEX(Reference!$A$6:$A$11,MIN(5,MATCH(MAX(Reference!$A$6,MIN(Reference!$A$11,MIN(D19,120))),Reference!$A$6:$A$11,1))))),0)+IF(3<=AE19,(AE19-3+3)*(INDEX(Reference!$B$6:$B$11,MIN(5,MATCH(MAX(Reference!$A$6,MIN(Reference!$A$11,MIN(D19,150))),Reference!$A$6:$A$11,1)))+(MAX(Reference!$A$6,MIN(Reference!$A$11,MIN(D19,150)))-INDEX(Reference!$A$6:$A$11,MIN(5,MATCH(MAX(Reference!$A$6,MIN(Reference!$A$11,MIN(D19,150))),Reference!$A$6:$A$11,1))))*(INDEX(Reference!$B$6:$B$11,MIN(5,MATCH(MAX(Reference!$A$6,MIN(Reference!$A$11,MIN(D19,150))),Reference!$A$6:$A$11,1))+1)-INDEX(Reference!$B$6:$B$11,MIN(5,MATCH(MAX(Reference!$A$6,MIN(Reference!$A$11,MIN(D19,150))),Reference!$A$6:$A$11,1))))/(INDEX(Reference!$A$6:$A$11,MIN(5,MATCH(MAX(Reference!$A$6,MIN(Reference!$A$11,MIN(D19,150))),Reference!$A$6:$A$11,1))+1)-INDEX(Reference!$A$6:$A$11,MIN(5,MATCH(MAX(Reference!$A$6,MIN(Reference!$A$11,MIN(D19,150))),Reference!$A$6:$A$11,1))))),0)+IF(4<=AE19,(AE19-4+3)*(INDEX(Reference!$B$6:$B$11,MIN(5,MATCH(MAX(Reference!$A$6,MIN(Reference!$A$11,MIN(D19,180))),Reference!$A$6:$A$11,1)))+(MAX(Reference!$A$6,MIN(Reference!$A$11,MIN(D19,180)))-INDEX(Reference!$A$6:$A$11,MIN(5,MATCH(MAX(Reference!$A$6,MIN(Reference!$A$11,MIN(D19,180))),Reference!$A$6:$A$11,1))))*(INDEX(Reference!$B$6:$B$11,MIN(5,MATCH(MAX(Reference!$A$6,MIN(Reference!$A$11,MIN(D19,180))),Reference!$A$6:$A$11,1))+1)-INDEX(Reference!$B$6:$B$11,MIN(5,MATCH(MAX(Reference!$A$6,MIN(Reference!$A$11,MIN(D19,180))),Reference!$A$6:$A$11,1))))/(INDEX(Reference!$A$6:$A$11,MIN(5,MATCH(MAX(Reference!$A$6,MIN(Reference!$A$11,MIN(D19,180))),Reference!$A$6:$A$11,1))+1)-INDEX(Reference!$A$6:$A$11,MIN(5,MATCH(MAX(Reference!$A$6,MIN(Reference!$A$11,MIN(D19,180))),Reference!$A$6:$A$11,1))))),0)+IF(5<=AE19,(AE19-5+3)*(INDEX(Reference!$B$6:$B$11,MIN(5,MATCH(MAX(Reference!$A$6,MIN(Reference!$A$11,MIN(D19,210))),Reference!$A$6:$A$11,1)))+(MAX(Reference!$A$6,MIN(Reference!$A$11,MIN(D19,210)))-INDEX(Reference!$A$6:$A$11,MIN(5,MATCH(MAX(Reference!$A$6,MIN(Reference!$A$11,MIN(D19,210))),Reference!$A$6:$A$11,1))))*(INDEX(Reference!$B$6:$B$11,MIN(5,MATCH(MAX(Reference!$A$6,MIN(Reference!$A$11,MIN(D19,210))),Reference!$A$6:$A$11,1))+1)-INDEX(Reference!$B$6:$B$11,MIN(5,MATCH(MAX(Reference!$A$6,MIN(Reference!$A$11,MIN(D19,210))),Reference!$A$6:$A$11,1))))/(INDEX(Reference!$A$6:$A$11,MIN(5,MATCH(MAX(Reference!$A$6,MIN(Reference!$A$11,MIN(D19,210))),Reference!$A$6:$A$11,1))+1)-INDEX(Reference!$A$6:$A$11,MIN(5,MATCH(MAX(Reference!$A$6,MIN(Reference!$A$11,MIN(D19,210))),Reference!$A$6:$A$11,1))))),0)+IF(6<=AE19,(AE19-6+3)*(INDEX(Reference!$B$6:$B$11,MIN(5,MATCH(MAX(Reference!$A$6,MIN(Reference!$A$11,MIN(D19,240))),Reference!$A$6:$A$11,1)))+(MAX(Reference!$A$6,MIN(Reference!$A$11,MIN(D19,240)))-INDEX(Reference!$A$6:$A$11,MIN(5,MATCH(MAX(Reference!$A$6,MIN(Reference!$A$11,MIN(D19,240))),Reference!$A$6:$A$11,1))))*(INDEX(Reference!$B$6:$B$11,MIN(5,MATCH(MAX(Reference!$A$6,MIN(Reference!$A$11,MIN(D19,240))),Reference!$A$6:$A$11,1))+1)-INDEX(Reference!$B$6:$B$11,MIN(5,MATCH(MAX(Reference!$A$6,MIN(Reference!$A$11,MIN(D19,240))),Reference!$A$6:$A$11,1))))/(INDEX(Reference!$A$6:$A$11,MIN(5,MATCH(MAX(Reference!$A$6,MIN(Reference!$A$11,MIN(D19,240))),Reference!$A$6:$A$11,1))+1)-INDEX(Reference!$A$6:$A$11,MIN(5,MATCH(MAX(Reference!$A$6,MIN(Reference!$A$11,MIN(D19,240))),Reference!$A$6:$A$11,1))))),0)+IF(7<=AE19,(AE19-7+3)*(INDEX(Reference!$B$6:$B$11,MIN(5,MATCH(MAX(Reference!$A$6,MIN(Reference!$A$11,MIN(D19,270))),Reference!$A$6:$A$11,1)))+(MAX(Reference!$A$6,MIN(Reference!$A$11,MIN(D19,270)))-INDEX(Reference!$A$6:$A$11,MIN(5,MATCH(MAX(Reference!$A$6,MIN(Reference!$A$11,MIN(D19,270))),Reference!$A$6:$A$11,1))))*(INDEX(Reference!$B$6:$B$11,MIN(5,MATCH(MAX(Reference!$A$6,MIN(Reference!$A$11,MIN(D19,270))),Reference!$A$6:$A$11,1))+1)-INDEX(Reference!$B$6:$B$11,MIN(5,MATCH(MAX(Reference!$A$6,MIN(Reference!$A$11,MIN(D19,270))),Reference!$A$6:$A$11,1))))/(INDEX(Reference!$A$6:$A$11,MIN(5,MATCH(MAX(Reference!$A$6,MIN(Reference!$A$11,MIN(D19,270))),Reference!$A$6:$A$11,1))+1)-INDEX(Reference!$A$6:$A$11,MIN(5,MATCH(MAX(Reference!$A$6,MIN(Reference!$A$11,MIN(D19,270))),Reference!$A$6:$A$11,1))))),0)+IF(8<=AE19,(AE19-8+3)*(INDEX(Reference!$B$6:$B$11,MIN(5,MATCH(MAX(Reference!$A$6,MIN(Reference!$A$11,MIN(D19,300))),Reference!$A$6:$A$11,1)))+(MAX(Reference!$A$6,MIN(Reference!$A$11,MIN(D19,300)))-INDEX(Reference!$A$6:$A$11,MIN(5,MATCH(MAX(Reference!$A$6,MIN(Reference!$A$11,MIN(D19,300))),Reference!$A$6:$A$11,1))))*(INDEX(Reference!$B$6:$B$11,MIN(5,MATCH(MAX(Reference!$A$6,MIN(Reference!$A$11,MIN(D19,300))),Reference!$A$6:$A$11,1))+1)-INDEX(Reference!$B$6:$B$11,MIN(5,MATCH(MAX(Reference!$A$6,MIN(Reference!$A$11,MIN(D19,300))),Reference!$A$6:$A$11,1))))/(INDEX(Reference!$A$6:$A$11,MIN(5,MATCH(MAX(Reference!$A$6,MIN(Reference!$A$11,MIN(D19,300))),Reference!$A$6:$A$11,1))+1)-INDEX(Reference!$A$6:$A$11,MIN(5,MATCH(MAX(Reference!$A$6,MIN(Reference!$A$11,MIN(D19,300))),Reference!$A$6:$A$11,1))))),0))/(AE19*(AE19+5)/2)),(INDEX(Reference!$B$6:$B$11,MIN(5,MATCH(MAX(Reference!$A$6,MIN(Reference!$A$11,D19)),Reference!$A$6:$A$11,1)))+(MAX(Reference!$A$6,MIN(Reference!$A$11,D19))-INDEX(Reference!$A$6:$A$11,MIN(5,MATCH(MAX(Reference!$A$6,MIN(Reference!$A$11,D19)),Reference!$A$6:$A$11,1))))*(INDEX(Reference!$B$6:$B$11,MIN(5,MATCH(MAX(Reference!$A$6,MIN(Reference!$A$11,D19)),Reference!$A$6:$A$11,1))+1)-INDEX(Reference!$B$6:$B$11,MIN(5,MATCH(MAX(Reference!$A$6,MIN(Reference!$A$11,D19)),Reference!$A$6:$A$11,1))))/(INDEX(Reference!$A$6:$A$11,MIN(5,MATCH(MAX(Reference!$A$6,MIN(Reference!$A$11,D19)),Reference!$A$6:$A$11,1))+1)-INDEX(Reference!$A$6:$A$11,MIN(5,MATCH(MAX(Reference!$A$6,MIN(Reference!$A$11,D19)),Reference!$A$6:$A$11,1)))))))) -> 3 | P19: =IF(N19="","",VLOOKUP(MAX(N19,0),Reference!$A$17:$B$20,2,TRUE())) -> 2 | Q19: =IF(AG19="","",AG19*IF(AF19="",1,AF19)) -> 138 | U19: =IF(S19="","",IF(T19="",S19,AVERAGE(S19,T19))) | V19: =IF(OR(U19="",M19="",M19=0),"",M19-U19) | W19: =IF(V19="","",VLOOKUP(MAX(V19,0),Reference!$A$17:$B$20,2,TRUE())) | AA19: =IF(Y19="","",IF(Z19="",Y19,AVERAGE(Y19,Z19))) | AB19: =IF(OR(AA19="",M19="",M19=0),"",M19-AA19) | AC19: =IF(AB19="","",VLOOKUP(MAX(AB19,0),Reference!$A$17:$B$20,2,TRUE())) | AE19: =IF(AND(C19="Long Toss",N(D19)>90),1+ROUNDUP((D19-90)/30,0),1) -> 1 | AF19: =IF(OR(A19="",B19="",AND(C19<>"Bullpen",C19<>"Game")),"",IF((COUNTIFS($B$5:$B$300,B19,$A$5:$A$300,A19-1,$C$5:$C$300,"Bullpen",$AG$5:$AG$300,">0") + COUNTIFS($B$5:$B$300,B19,$A$5:$A$300,A19-1,$C$5:$C$300,"Game",$AG$5:$AG$300,">0"))>0,Reference!$B$119,IF((COUNTIFS($B$5:$B$300,B19,$A$5:$A$300,A19-2,$C$5:$C$300,"Bullpen",$AG$5:$AG$300,">0") + COUNTIFS($B$5:$B$300,B19,$A$5:$A$300,A19-2,$C$5:$C$300,"Game",$AG$5:$AG$300,">0"))>0,Reference!$B$120,1))) -> 1 | AG19: =IF(AND(OR(I19="",O19="",P19=""),OR(R19="",W19=""),OR(X19="",AC19="")),"",IF(OR(I19="",O19="",P19=""),0,I19*O19*P19)+IF(OR(R19="",W19=""),0,R19*IFERROR(INDEX(Reference!$B$61:$B$62,MATCH("Bullpen",Reference!$A$61:$A$62,0)),0)*W19)+IF(OR(X19="",AC19=""),0,X19*(INDEX(Reference!$B$6:$B$11,MIN(5,MATCH(MAX(Reference!$A$6,MIN(Reference!$A$11,60)),Reference!$A$6:$A$11,1)))+(MAX(Reference!$A$6,MIN(Reference!$A$11,60))-INDEX(Reference!$A$6:$A$11,MIN(5,MATCH(MAX(Reference!$A$6,MIN(Reference!$A$11,60)),Reference!$A$6:$A$11,1))))*(INDEX(Reference!$B$6:$B$11,MIN(5,MATCH(MAX(Reference!$A$6,MIN(Reference!$A$11,60)),Reference!$A$6:$A$11,1))+1)-INDEX(Reference!$B$6:$B$11,MIN(5,MATCH(MAX(Reference!$A$6,MIN(Reference!$A$11,60)),Reference!$A$6:$A$11,1))))/(INDEX(Reference!$A$6:$A$11,MIN(5,MATCH(MAX(Reference!$A$6,MIN(Reference!$A$11,60)),Reference!$A$6:$A$11,1))+1)-INDEX(Reference!$A$6:$A$11,MIN(5,MATCH(MAX(Reference!$A$6,MIN(Reference!$A$11,60)),Reference!$A$6:$A$11,1)))))*AC19)) -> 138
A20: 46280 | B20: Adam Arther | C20: Recovery/Easy Catch | D20: 75 | E20: 0.072916667 | F20: 0.079861111 | G20: =IF(OR(E20="",F20=""),"",(F20-E20)*1440) -> 10 | I20: =IF(H20<>"",H20,IF(G20="","",ROUND(G20*IFERROR(INDEX(Reference!$B$44:$B$50,MATCH(C20,Reference!$A$44:$A$50,0)),0),0))) -> 55 | L20: =IF(J20="","",IF(K20="",J20,AVERAGE(J20,K20))) | M20: =IFERROR(INDEX(Roster!$D$5:$D$40,MATCH(B20,Roster!$A$5:$A$40,0)),"") -> 87.9 | N20: =IF(OR(L20="",M20="",M20=0),"",M20-L20) | O20: =IF(OR(C20="Bullpen",C20="Game"),IFERROR(INDEX(Reference!$B$61:$B$62,MATCH(C20,Reference!$A$61:$A$62,0)),""),IF(D20="","",IF(AE20>1,((IF(1<=AE20,(AE20-1+3)*(INDEX(Reference!$B$6:$B$11,MIN(5,MATCH(MAX(Reference!$A$6,MIN(Reference!$A$11,MIN(D20,90))),Reference!$A$6:$A$11,1)))+(MAX(Reference!$A$6,MIN(Reference!$A$11,MIN(D20,90)))-INDEX(Reference!$A$6:$A$11,MIN(5,MATCH(MAX(Reference!$A$6,MIN(Reference!$A$11,MIN(D20,90))),Reference!$A$6:$A$11,1))))*(INDEX(Reference!$B$6:$B$11,MIN(5,MATCH(MAX(Reference!$A$6,MIN(Reference!$A$11,MIN(D20,90))),Reference!$A$6:$A$11,1))+1)-INDEX(Reference!$B$6:$B$11,MIN(5,MATCH(MAX(Reference!$A$6,MIN(Reference!$A$11,MIN(D20,90))),Reference!$A$6:$A$11,1))))/(INDEX(Reference!$A$6:$A$11,MIN(5,MATCH(MAX(Reference!$A$6,MIN(Reference!$A$11,MIN(D20,90))),Reference!$A$6:$A$11,1))+1)-INDEX(Reference!$A$6:$A$11,MIN(5,MATCH(MAX(Reference!$A$6,MIN(Reference!$A$11,MIN(D20,90))),Reference!$A$6:$A$11,1))))),0)+IF(2<=AE20,(AE20-2+3)*(INDEX(Reference!$B$6:$B$11,MIN(5,MATCH(MAX(Reference!$A$6,MIN(Reference!$A$11,MIN(D20,120))),Reference!$A$6:$A$11,1)))+(MAX(Reference!$A$6,MIN(Reference!$A$11,MIN(D20,120)))-INDEX(Reference!$A$6:$A$11,MIN(5,MATCH(MAX(Reference!$A$6,MIN(Reference!$A$11,MIN(D20,120))),Reference!$A$6:$A$11,1))))*(INDEX(Reference!$B$6:$B$11,MIN(5,MATCH(MAX(Reference!$A$6,MIN(Reference!$A$11,MIN(D20,120))),Reference!$A$6:$A$11,1))+1)-INDEX(Reference!$B$6:$B$11,MIN(5,MATCH(MAX(Reference!$A$6,MIN(Reference!$A$11,MIN(D20,120))),Reference!$A$6:$A$11,1))))/(INDEX(Reference!$A$6:$A$11,MIN(5,MATCH(MAX(Reference!$A$6,MIN(Reference!$A$11,MIN(D20,120))),Reference!$A$6:$A$11,1))+1)-INDEX(Reference!$A$6:$A$11,MIN(5,MATCH(MAX(Reference!$A$6,MIN(Reference!$A$11,MIN(D20,120))),Reference!$A$6:$A$11,1))))),0)+IF(3<=AE20,(AE20-3+3)*(INDEX(Reference!$B$6:$B$11,MIN(5,MATCH(MAX(Reference!$A$6,MIN(Reference!$A$11,MIN(D20,150))),Reference!$A$6:$A$11,1)))+(MAX(Reference!$A$6,MIN(Reference!$A$11,MIN(D20,150)))-INDEX(Reference!$A$6:$A$11,MIN(5,MATCH(MAX(Reference!$A$6,MIN(Reference!$A$11,MIN(D20,150))),Reference!$A$6:$A$11,1))))*(INDEX(Reference!$B$6:$B$11,MIN(5,MATCH(MAX(Reference!$A$6,MIN(Reference!$A$11,MIN(D20,150))),Reference!$A$6:$A$11,1))+1)-INDEX(Reference!$B$6:$B$11,MIN(5,MATCH(MAX(Reference!$A$6,MIN(Reference!$A$11,MIN(D20,150))),Reference!$A$6:$A$11,1))))/(INDEX(Reference!$A$6:$A$11,MIN(5,MATCH(MAX(Reference!$A$6,MIN(Reference!$A$11,MIN(D20,150))),Reference!$A$6:$A$11,1))+1)-INDEX(Reference!$A$6:$A$11,MIN(5,MATCH(MAX(Reference!$A$6,MIN(Reference!$A$11,MIN(D20,150))),Reference!$A$6:$A$11,1))))),0)+IF(4<=AE20,(AE20-4+3)*(INDEX(Reference!$B$6:$B$11,MIN(5,MATCH(MAX(Reference!$A$6,MIN(Reference!$A$11,MIN(D20,180))),Reference!$A$6:$A$11,1)))+(MAX(Reference!$A$6,MIN(Reference!$A$11,MIN(D20,180)))-INDEX(Reference!$A$6:$A$11,MIN(5,MATCH(MAX(Reference!$A$6,MIN(Reference!$A$11,MIN(D20,180))),Reference!$A$6:$A$11,1))))*(INDEX(Reference!$B$6:$B$11,MIN(5,MATCH(MAX(Reference!$A$6,MIN(Reference!$A$11,MIN(D20,180))),Reference!$A$6:$A$11,1))+1)-INDEX(Reference!$B$6:$B$11,MIN(5,MATCH(MAX(Reference!$A$6,MIN(Reference!$A$11,MIN(D20,180))),Reference!$A$6:$A$11,1))))/(INDEX(Reference!$A$6:$A$11,MIN(5,MATCH(MAX(Reference!$A$6,MIN(Reference!$A$11,MIN(D20,180))),Reference!$A$6:$A$11,1))+1)-INDEX(Reference!$A$6:$A$11,MIN(5,MATCH(MAX(Reference!$A$6,MIN(Reference!$A$11,MIN(D20,180))),Reference!$A$6:$A$11,1))))),0)+IF(5<=AE20,(AE20-5+3)*(INDEX(Reference!$B$6:$B$11,MIN(5,MATCH(MAX(Reference!$A$6,MIN(Reference!$A$11,MIN(D20,210))),Reference!$A$6:$A$11,1)))+(MAX(Reference!$A$6,MIN(Reference!$A$11,MIN(D20,210)))-INDEX(Reference!$A$6:$A$11,MIN(5,MATCH(MAX(Reference!$A$6,MIN(Reference!$A$11,MIN(D20,210))),Reference!$A$6:$A$11,1))))*(INDEX(Reference!$B$6:$B$11,MIN(5,MATCH(MAX(Reference!$A$6,MIN(Reference!$A$11,MIN(D20,210))),Reference!$A$6:$A$11,1))+1)-INDEX(Reference!$B$6:$B$11,MIN(5,MATCH(MAX(Reference!$A$6,MIN(Reference!$A$11,MIN(D20,210))),Reference!$A$6:$A$11,1))))/(INDEX(Reference!$A$6:$A$11,MIN(5,MATCH(MAX(Reference!$A$6,MIN(Reference!$A$11,MIN(D20,210))),Reference!$A$6:$A$11,1))+1)-INDEX(Reference!$A$6:$A$11,MIN(5,MATCH(MAX(Reference!$A$6,MIN(Reference!$A$11,MIN(D20,210))),Reference!$A$6:$A$11,1))))),0)+IF(6<=AE20,(AE20-6+3)*(INDEX(Reference!$B$6:$B$11,MIN(5,MATCH(MAX(Reference!$A$6,MIN(Reference!$A$11,MIN(D20,240))),Reference!$A$6:$A$11,1)))+(MAX(Reference!$A$6,MIN(Reference!$A$11,MIN(D20,240)))-INDEX(Reference!$A$6:$A$11,MIN(5,MATCH(MAX(Reference!$A$6,MIN(Reference!$A$11,MIN(D20,240))),Reference!$A$6:$A$11,1))))*(INDEX(Reference!$B$6:$B$11,MIN(5,MATCH(MAX(Reference!$A$6,MIN(Reference!$A$11,MIN(D20,240))),Reference!$A$6:$A$11,1))+1)-INDEX(Reference!$B$6:$B$11,MIN(5,MATCH(MAX(Reference!$A$6,MIN(Reference!$A$11,MIN(D20,240))),Reference!$A$6:$A$11,1))))/(INDEX(Reference!$A$6:$A$11,MIN(5,MATCH(MAX(Reference!$A$6,MIN(Reference!$A$11,MIN(D20,240))),Reference!$A$6:$A$11,1))+1)-INDEX(Reference!$A$6:$A$11,MIN(5,MATCH(MAX(Reference!$A$6,MIN(Reference!$A$11,MIN(D20,240))),Reference!$A$6:$A$11,1))))),0)+IF(7<=AE20,(AE20-7+3)*(INDEX(Reference!$B$6:$B$11,MIN(5,MATCH(MAX(Reference!$A$6,MIN(Reference!$A$11,MIN(D20,270))),Reference!$A$6:$A$11,1)))+(MAX(Reference!$A$6,MIN(Reference!$A$11,MIN(D20,270)))-INDEX(Reference!$A$6:$A$11,MIN(5,MATCH(MAX(Reference!$A$6,MIN(Reference!$A$11,MIN(D20,270))),Reference!$A$6:$A$11,1))))*(INDEX(Reference!$B$6:$B$11,MIN(5,MATCH(MAX(Reference!$A$6,MIN(Reference!$A$11,MIN(D20,270))),Reference!$A$6:$A$11,1))+1)-INDEX(Reference!$B$6:$B$11,MIN(5,MATCH(MAX(Reference!$A$6,MIN(Reference!$A$11,MIN(D20,270))),Reference!$A$6:$A$11,1))))/(INDEX(Reference!$A$6:$A$11,MIN(5,MATCH(MAX(Reference!$A$6,MIN(Reference!$A$11,MIN(D20,270))),Reference!$A$6:$A$11,1))+1)-INDEX(Reference!$A$6:$A$11,MIN(5,MATCH(MAX(Reference!$A$6,MIN(Reference!$A$11,MIN(D20,270))),Reference!$A$6:$A$11,1))))),0)+IF(8<=AE20,(AE20-8+3)*(INDEX(Reference!$B$6:$B$11,MIN(5,MATCH(MAX(Reference!$A$6,MIN(Reference!$A$11,MIN(D20,300))),Reference!$A$6:$A$11,1)))+(MAX(Reference!$A$6,MIN(Reference!$A$11,MIN(D20,300)))-INDEX(Reference!$A$6:$A$11,MIN(5,MATCH(MAX(Reference!$A$6,MIN(Reference!$A$11,MIN(D20,300))),Reference!$A$6:$A$11,1))))*(INDEX(Reference!$B$6:$B$11,MIN(5,MATCH(MAX(Reference!$A$6,MIN(Reference!$A$11,MIN(D20,300))),Reference!$A$6:$A$11,1))+1)-INDEX(Reference!$B$6:$B$11,MIN(5,MATCH(MAX(Reference!$A$6,MIN(Reference!$A$11,MIN(D20,300))),Reference!$A$6:$A$11,1))))/(INDEX(Reference!$A$6:$A$11,MIN(5,MATCH(MAX(Reference!$A$6,MIN(Reference!$A$11,MIN(D20,300))),Reference!$A$6:$A$11,1))+1)-INDEX(Reference!$A$6:$A$11,MIN(5,MATCH(MAX(Reference!$A$6,MIN(Reference!$A$11,MIN(D20,300))),Reference!$A$6:$A$11,1))))),0))/(AE20*(AE20+5)/2)),(INDEX(Reference!$B$6:$B$11,MIN(5,MATCH(MAX(Reference!$A$6,MIN(Reference!$A$11,D20)),Reference!$A$6:$A$11,1)))+(MAX(Reference!$A$6,MIN(Reference!$A$11,D20))-INDEX(Reference!$A$6:$A$11,MIN(5,MATCH(MAX(Reference!$A$6,MIN(Reference!$A$11,D20)),Reference!$A$6:$A$11,1))))*(INDEX(Reference!$B$6:$B$11,MIN(5,MATCH(MAX(Reference!$A$6,MIN(Reference!$A$11,D20)),Reference!$A$6:$A$11,1))+1)-INDEX(Reference!$B$6:$B$11,MIN(5,MATCH(MAX(Reference!$A$6,MIN(Reference!$A$11,D20)),Reference!$A$6:$A$11,1))))/(INDEX(Reference!$A$6:$A$11,MIN(5,MATCH(MAX(Reference!$A$6,MIN(Reference!$A$11,D20)),Reference!$A$6:$A$11,1))+1)-INDEX(Reference!$A$6:$A$11,MIN(5,MATCH(MAX(Reference!$A$6,MIN(Reference!$A$11,D20)),Reference!$A$6:$A$11,1)))))))) -> 1.15 | P20: =IF(N20="","",VLOOKUP(MAX(N20,0),Reference!$A$17:$B$20,2,TRUE())) | Q20: =IF(AG20="","",AG20*IF(AF20="",1,AF20)) | U20: =IF(S20="","",IF(T20="",S20,AVERAGE(S20,T20))) | V20: =IF(OR(U20="",M20="",M20=0),"",M20-U20) | W20: =IF(V20="","",VLOOKUP(MAX(V20,0),Reference!$A$17:$B$20,2,TRUE())) | AA20: =IF(Y20="","",IF(Z20="",Y20,AVERAGE(Y20,Z20))) | AB20: =IF(OR(AA20="",M20="",M20=0),"",M20-AA20) | AC20: =IF(AB20="","",VLOOKUP(MAX(AB20,0),Reference!$A$17:$B$20,2,TRUE())) | AE20: =IF(AND(C20="Long Toss",N(D20)>90),1+ROUNDUP((D20-90)/30,0),1) -> 1 | AF20: =IF(OR(A20="",B20="",AND(C20<>"Bullpen",C20<>"Game")),"",IF((COUNTIFS($B$5:$B$300,B20,$A$5:$A$300,A20-1,$C$5:$C$300,"Bullpen",$AG$5:$AG$300,">0") + COUNTIFS($B$5:$B$300,B20,$A$5:$A$300,A20-1,$C$5:$C$300,"Game",$AG$5:$AG$300,">0"))>0,Reference!$B$119,IF((COUNTIFS($B$5:$B$300,B20,$A$5:$A$300,A20-2,$C$5:$C$300,"Bullpen",$AG$5:$AG$300,">0") + COUNTIFS($B$5:$B$300,B20,$A$5:$A$300,A20-2,$C$5:$C$300,"Game",$AG$5:$AG$300,">0"))>0,Reference!$B$120,1))) | AG20: =IF(AND(OR(I20="",O20="",P20=""),OR(R20="",W20=""),OR(X20="",AC20="")),"",IF(OR(I20="",O20="",P20=""),0,I20*O20*P20)+IF(OR(R20="",W20=""),0,R20*IFERROR(INDEX(Reference!$B$61:$B$62,MATCH("Bullpen",Reference!$A$61:$A$62,0)),0)*W20)+IF(OR(X20="",AC20=""),0,X20*(INDEX(Reference!$B$6:$B$11,MIN(5,MATCH(MAX(Reference!$A$6,MIN(Reference!$A$11,60)),Reference!$A$6:$A$11,1)))+(MAX(Reference!$A$6,MIN(Reference!$A$11,60))-INDEX(Reference!$A$6:$A$11,MIN(5,MATCH(MAX(Reference!$A$6,MIN(Reference!$A$11,60)),Reference!$A$6:$A$11,1))))*(INDEX(Reference!$B$6:$B$11,MIN(5,MATCH(MAX(Reference!$A$6,MIN(Reference!$A$11,60)),Reference!$A$6:$A$11,1))+1)-INDEX(Reference!$B$6:$B$11,MIN(5,MATCH(MAX(Reference!$A$6,MIN(Reference!$A$11,60)),Reference!$A$6:$A$11,1))))/(INDEX(Reference!$A$6:$A$11,MIN(5,MATCH(MAX(Reference!$A$6,MIN(Reference!$A$11,60)),Reference!$A$6:$A$11,1))+1)-INDEX(Reference!$A$6:$A$11,MIN(5,MATCH(MAX(Reference!$A$6,MIN(Reference!$A$11,60)),Reference!$A$6:$A$11,1)))))*AC20))
A21: 46281 | B21: Adam Arther | C21: Moderate | D21: 120 | E21: 0.075694444 | F21: 0.085416667 | G21: =IF(OR(E21="",F21=""),"",(F21-E21)*1440) -> 14 | I21: =IF(H21<>"",H21,IF(G21="","",ROUND(G21*IFERROR(INDEX(Reference!$B$44:$B$50,MATCH(C21,Reference!$A$44:$A$50,0)),0),0))) -> 56 | J21: 75 | K21: 81 | L21: =IF(J21="","",IF(K21="",J21,AVERAGE(J21,K21))) -> 78 | M21: =IFERROR(INDEX(Roster!$D$5:$D$40,MATCH(B21,Roster!$A$5:$A$40,0)),"") -> 87.9 | N21: =IF(OR(L21="",M21="",M21=0),"",M21-L21) -> 9.9 | O21: =IF(OR(C21="Bullpen",C21="Game"),IFERROR(INDEX(Reference!$B$61:$B$62,MATCH(C21,Reference!$A$61:$A$62,0)),""),IF(D21="","",IF(AE21>1,((IF(1<=AE21,(AE21-1+3)*(INDEX(Reference!$B$6:$B$11,MIN(5,MATCH(MAX(Reference!$A$6,MIN(Reference!$A$11,MIN(D21,90))),Reference!$A$6:$A$11,1)))+(MAX(Reference!$A$6,MIN(Reference!$A$11,MIN(D21,90)))-INDEX(Reference!$A$6:$A$11,MIN(5,MATCH(MAX(Reference!$A$6,MIN(Reference!$A$11,MIN(D21,90))),Reference!$A$6:$A$11,1))))*(INDEX(Reference!$B$6:$B$11,MIN(5,MATCH(MAX(Reference!$A$6,MIN(Reference!$A$11,MIN(D21,90))),Reference!$A$6:$A$11,1))+1)-INDEX(Reference!$B$6:$B$11,MIN(5,MATCH(MAX(Reference!$A$6,MIN(Reference!$A$11,MIN(D21,90))),Reference!$A$6:$A$11,1))))/(INDEX(Reference!$A$6:$A$11,MIN(5,MATCH(MAX(Reference!$A$6,MIN(Reference!$A$11,MIN(D21,90))),Reference!$A$6:$A$11,1))+1)-INDEX(Reference!$A$6:$A$11,MIN(5,MATCH(MAX(Reference!$A$6,MIN(Reference!$A$11,MIN(D21,90))),Reference!$A$6:$A$11,1))))),0)+IF(2<=AE21,(AE21-2+3)*(INDEX(Reference!$B$6:$B$11,MIN(5,MATCH(MAX(Reference!$A$6,MIN(Reference!$A$11,MIN(D21,120))),Reference!$A$6:$A$11,1)))+(MAX(Reference!$A$6,MIN(Reference!$A$11,MIN(D21,120)))-INDEX(Reference!$A$6:$A$11,MIN(5,MATCH(MAX(Reference!$A$6,MIN(Reference!$A$11,MIN(D21,120))),Reference!$A$6:$A$11,1))))*(INDEX(Reference!$B$6:$B$11,MIN(5,MATCH(MAX(Reference!$A$6,MIN(Reference!$A$11,MIN(D21,120))),Reference!$A$6:$A$11,1))+1)-INDEX(Reference!$B$6:$B$11,MIN(5,MATCH(MAX(Reference!$A$6,MIN(Reference!$A$11,MIN(D21,120))),Reference!$A$6:$A$11,1))))/(INDEX(Reference!$A$6:$A$11,MIN(5,MATCH(MAX(Reference!$A$6,MIN(Reference!$A$11,MIN(D21,120))),Reference!$A$6:$A$11,1))+1)-INDEX(Reference!$A$6:$A$11,MIN(5,MATCH(MAX(Reference!$A$6,MIN(Reference!$A$11,MIN(D21,120))),Reference!$A$6:$A$11,1))))),0)+IF(3<=AE21,(AE21-3+3)*(INDEX(Reference!$B$6:$B$11,MIN(5,MATCH(MAX(Reference!$A$6,MIN(Reference!$A$11,MIN(D21,150))),Reference!$A$6:$A$11,1)))+(MAX(Reference!$A$6,MIN(Reference!$A$11,MIN(D21,150)))-INDEX(Reference!$A$6:$A$11,MIN(5,MATCH(MAX(Reference!$A$6,MIN(Reference!$A$11,MIN(D21,150))),Reference!$A$6:$A$11,1))))*(INDEX(Reference!$B$6:$B$11,MIN(5,MATCH(MAX(Reference!$A$6,MIN(Reference!$A$11,MIN(D21,150))),Reference!$A$6:$A$11,1))+1)-INDEX(Reference!$B$6:$B$11,MIN(5,MATCH(MAX(Reference!$A$6,MIN(Reference!$A$11,MIN(D21,150))),Reference!$A$6:$A$11,1))))/(INDEX(Reference!$A$6:$A$11,MIN(5,MATCH(MAX(Reference!$A$6,MIN(Reference!$A$11,MIN(D21,150))),Reference!$A$6:$A$11,1))+1)-INDEX(Reference!$A$6:$A$11,MIN(5,MATCH(MAX(Reference!$A$6,MIN(Reference!$A$11,MIN(D21,150))),Reference!$A$6:$A$11,1))))),0)+IF(4<=AE21,(AE21-4+3)*(INDEX(Reference!$B$6:$B$11,MIN(5,MATCH(MAX(Reference!$A$6,MIN(Reference!$A$11,MIN(D21,180))),Reference!$A$6:$A$11,1)))+(MAX(Reference!$A$6,MIN(Reference!$A$11,MIN(D21,180)))-INDEX(Reference!$A$6:$A$11,MIN(5,MATCH(MAX(Reference!$A$6,MIN(Reference!$A$11,MIN(D21,180))),Reference!$A$6:$A$11,1))))*(INDEX(Reference!$B$6:$B$11,MIN(5,MATCH(MAX(Reference!$A$6,MIN(Reference!$A$11,MIN(D21,180))),Reference!$A$6:$A$11,1))+1)-INDEX(Reference!$B$6:$B$11,MIN(5,MATCH(MAX(Reference!$A$6,MIN(Reference!$A$11,MIN(D21,180))),Reference!$A$6:$A$11,1))))/(INDEX(Reference!$A$6:$A$11,MIN(5,MATCH(MAX(Reference!$A$6,MIN(Reference!$A$11,MIN(D21,180))),Reference!$A$6:$A$11,1))+1)-INDEX(Reference!$A$6:$A$11,MIN(5,MATCH(MAX(Reference!$A$6,MIN(Reference!$A$11,MIN(D21,180))),Reference!$A$6:$A$11,1))))),0)+IF(5<=AE21,(AE21-5+3)*(INDEX(Reference!$B$6:$B$11,MIN(5,MATCH(MAX(Reference!$A$6,MIN(Reference!$A$11,MIN(D21,210))),Reference!$A$6:$A$11,1)))+(MAX(Reference!$A$6,MIN(Reference!$A$11,MIN(D21,210)))-INDEX(Reference!$A$6:$A$11,MIN(5,MATCH(MAX(Reference!$A$6,MIN(Reference!$A$11,MIN(D21,210))),Reference!$A$6:$A$11,1))))*(INDEX(Reference!$B$6:$B$11,MIN(5,MATCH(MAX(Reference!$A$6,MIN(Reference!$A$11,MIN(D21,210))),Reference!$A$6:$A$11,1))+1)-INDEX(Reference!$B$6:$B$11,MIN(5,MATCH(MAX(Reference!$A$6,MIN(Reference!$A$11,MIN(D21,210))),Reference!$A$6:$A$11,1))))/(INDEX(Reference!$A$6:$A$11,MIN(5,MATCH(MAX(Reference!$A$6,MIN(Reference!$A$11,MIN(D21,210))),Reference!$A$6:$A$11,1))+1)-INDEX(Reference!$A$6:$A$11,MIN(5,MATCH(MAX(Reference!$A$6,MIN(Reference!$A$11,MIN(D21,210))),Reference!$A$6:$A$11,1))))),0)+IF(6<=AE21,(AE21-6+3)*(INDEX(Reference!$B$6:$B$11,MIN(5,MATCH(MAX(Reference!$A$6,MIN(Reference!$A$11,MIN(D21,240))),Reference!$A$6:$A$11,1)))+(MAX(Reference!$A$6,MIN(Reference!$A$11,MIN(D21,240)))-INDEX(Reference!$A$6:$A$11,MIN(5,MATCH(MAX(Reference!$A$6,MIN(Reference!$A$11,MIN(D21,240))),Reference!$A$6:$A$11,1))))*(INDEX(Reference!$B$6:$B$11,MIN(5,MATCH(MAX(Reference!$A$6,MIN(Reference!$A$11,MIN(D21,240))),Reference!$A$6:$A$11,1))+1)-INDEX(Reference!$B$6:$B$11,MIN(5,MATCH(MAX(Reference!$A$6,MIN(Reference!$A$11,MIN(D21,240))),Reference!$A$6:$A$11,1))))/(INDEX(Reference!$A$6:$A$11,MIN(5,MATCH(MAX(Reference!$A$6,MIN(Reference!$A$11,MIN(D21,240))),Reference!$A$6:$A$11,1))+1)-INDEX(Reference!$A$6:$A$11,MIN(5,MATCH(MAX(Reference!$A$6,MIN(Reference!$A$11,MIN(D21,240))),Reference!$A$6:$A$11,1))))),0)+IF(7<=AE21,(AE21-7+3)*(INDEX(Reference!$B$6:$B$11,MIN(5,MATCH(MAX(Reference!$A$6,MIN(Reference!$A$11,MIN(D21,270))),Reference!$A$6:$A$11,1)))+(MAX(Reference!$A$6,MIN(Reference!$A$11,MIN(D21,270)))-INDEX(Reference!$A$6:$A$11,MIN(5,MATCH(MAX(Reference!$A$6,MIN(Reference!$A$11,MIN(D21,270))),Reference!$A$6:$A$11,1))))*(INDEX(Reference!$B$6:$B$11,MIN(5,MATCH(MAX(Reference!$A$6,MIN(Reference!$A$11,MIN(D21,270))),Reference!$A$6:$A$11,1))+1)-INDEX(Reference!$B$6:$B$11,MIN(5,MATCH(MAX(Reference!$A$6,MIN(Reference!$A$11,MIN(D21,270))),Reference!$A$6:$A$11,1))))/(INDEX(Reference!$A$6:$A$11,MIN(5,MATCH(MAX(Reference!$A$6,MIN(Reference!$A$11,MIN(D21,270))),Reference!$A$6:$A$11,1))+1)-INDEX(Reference!$A$6:$A$11,MIN(5,MATCH(MAX(Reference!$A$6,MIN(Reference!$A$11,MIN(D21,270))),Reference!$A$6:$A$11,1))))),0)+IF(8<=AE21,(AE21-8+3)*(INDEX(Reference!$B$6:$B$11,MIN(5,MATCH(MAX(Reference!$A$6,MIN(Reference!$A$11,MIN(D21,300))),Reference!$A$6:$A$11,1)))+(MAX(Reference!$A$6,MIN(Reference!$A$11,MIN(D21,300)))-INDEX(Reference!$A$6:$A$11,MIN(5,MATCH(MAX(Reference!$A$6,MIN(Reference!$A$11,MIN(D21,300))),Reference!$A$6:$A$11,1))))*(INDEX(Reference!$B$6:$B$11,MIN(5,MATCH(MAX(Reference!$A$6,MIN(Reference!$A$11,MIN(D21,300))),Reference!$A$6:$A$11,1))+1)-INDEX(Reference!$B$6:$B$11,MIN(5,MATCH(MAX(Reference!$A$6,MIN(Reference!$A$11,MIN(D21,300))),Reference!$A$6:$A$11,1))))/(INDEX(Reference!$A$6:$A$11,MIN(5,MATCH(MAX(Reference!$A$6,MIN(Reference!$A$11,MIN(D21,300))),Reference!$A$6:$A$11,1))+1)-INDEX(Reference!$A$6:$A$11,MIN(5,MATCH(MAX(Reference!$A$6,MIN(Reference!$A$11,MIN(D21,300))),Reference!$A$6:$A$11,1))))),0))/(AE21*(AE21+5)/2)),(INDEX(Reference!$B$6:$B$11,MIN(5,MATCH(MAX(Reference!$A$6,MIN(Reference!$A$11,D21)),Reference!$A$6:$A$11,1)))+(MAX(Reference!$A$6,MIN(Reference!$A$11,D21))-INDEX(Reference!$A$6:$A$11,MIN(5,MATCH(MAX(Reference!$A$6,MIN(Reference!$A$11,D21)),Reference!$A$6:$A$11,1))))*(INDEX(Reference!$B$6:$B$11,MIN(5,MATCH(MAX(Reference!$A$6,MIN(Reference!$A$11,D21)),Reference!$A$6:$A$11,1))+1)-INDEX(Reference!$B$6:$B$11,MIN(5,MATCH(MAX(Reference!$A$6,MIN(Reference!$A$11,D21)),Reference!$A$6:$A$11,1))))/(INDEX(Reference!$A$6:$A$11,MIN(5,MATCH(MAX(Reference!$A$6,MIN(Reference!$A$11,D21)),Reference!$A$6:$A$11,1))+1)-INDEX(Reference!$A$6:$A$11,MIN(5,MATCH(MAX(Reference!$A$6,MIN(Reference!$A$11,D21)),Reference!$A$6:$A$11,1)))))))) -> 1.7 | P21: =IF(N21="","",VLOOKUP(MAX(N21,0),Reference!$A$17:$B$20,2,TRUE())) -> 1 | Q21: =IF(AG21="","",AG21*IF(AF21="",1,AF21)) -> 95.2 | U21: =IF(S21="","",IF(T21="",S21,AVERAGE(S21,T21))) | V21: =IF(OR(U21="",M21="",M21=0),"",M21-U21) | W21: =IF(V21="","",VLOOKUP(MAX(V21,0),Reference!$A$17:$B$20,2,TRUE())) | AA21: =IF(Y21="","",IF(Z21="",Y21,AVERAGE(Y21,Z21))) | AB21: =IF(OR(AA21="",M21="",M21=0),"",M21-AA21) | AC21: =IF(AB21="","",VLOOKUP(MAX(AB21,0),Reference!$A$17:$B$20,2,TRUE())) | AE21: =IF(AND(C21="Long Toss",N(D21)>90),1+ROUNDUP((D21-90)/30,0),1) -> 1 | AF21: =IF(OR(A21="",B21="",AND(C21<>"Bullpen",C21<>"Game")),"",IF((COUNTIFS($B$5:$B$300,B21,$A$5:$A$300,A21-1,$C$5:$C$300,"Bullpen",$AG$5:$AG$300,">0") + COUNTIFS($B$5:$B$300,B21,$A$5:$A$300,A21-1,$C$5:$C$300,"Game",$AG$5:$AG$300,">0"))>0,Reference!$B$119,IF((COUNTIFS($B$5:$B$300,B21,$A$5:$A$300,A21-2,$C$5:$C$300,"Bullpen",$AG$5:$AG$300,">0") + COUNTIFS($B$5:$B$300,B21,$A$5:$A$300,A21-2,$C$5:$C$300,"Game",$AG$5:$AG$300,">0"))>0,Reference!$B$120,1))) | AG21: =IF(AND(OR(I21="",O21="",P21=""),OR(R21="",W21=""),OR(X21="",AC21="")),"",IF(OR(I21="",O21="",P21=""),0,I21*O21*P21)+IF(OR(R21="",W21=""),0,R21*IFERROR(INDEX(Reference!$B$61:$B$62,MATCH("Bullpen",Reference!$A$61:$A$62,0)),0)*W21)+IF(OR(X21="",AC21=""),0,X21*(INDEX(Reference!$B$6:$B$11,MIN(5,MATCH(MAX(Reference!$A$6,MIN(Reference!$A$11,60)),Reference!$A$6:$A$11,1)))+(MAX(Reference!$A$6,MIN(Reference!$A$11,60))-INDEX(Reference!$A$6:$A$11,MIN(5,MATCH(MAX(Reference!$A$6,MIN(Reference!$A$11,60)),Reference!$A$6:$A$11,1))))*(INDEX(Reference!$B$6:$B$11,MIN(5,MATCH(MAX(Reference!$A$6,MIN(Reference!$A$11,60)),Reference!$A$6:$A$11,1))+1)-INDEX(Reference!$B$6:$B$11,MIN(5,MATCH(MAX(Reference!$A$6,MIN(Reference!$A$11,60)),Reference!$A$6:$A$11,1))))/(INDEX(Reference!$A$6:$A$11,MIN(5,MATCH(MAX(Reference!$A$6,MIN(Reference!$A$11,60)),Reference!$A$6:$A$11,1))+1)-INDEX(Reference!$A$6:$A$11,MIN(5,MATCH(MAX(Reference!$A$6,MIN(Reference!$A$11,60)),Reference!$A$6:$A$11,1)))))*AC21)) -> 95.2
